VendorID,tpep_pickup_datetime,tpep_dropoff_datetime,passenger_count,trip_distance,RatecodeID,store_and_fwd_flag,PULocationID,DOLocationID,payment_type,fare_amount,extra,mta_tax,tip_amount,tolls_amount,improvement_surcharge,total_amount
2,03-02-17 2:03,03-02-17 2:20,1,3.29,1,N,87,246,1,14,0,0.5,1.5,0,0.3,16.3
2,03-02-17 2:26,03-02-17 2:46,1,2.8,1,N,68,239,2,15,0,0.5,0,0,0.3,15.8
2,03-02-17 2:49,03-02-17 9:56,1,0.9,1,N,239,43,1,6,0,0.5,1.36,0,0.3,8.16
2,03-02-17 4:41,03-02-17 4:52,1,0.72,1,N,163,230,1,8,0,0.5,1.76,0,0.3,10.56
2,03-02-17 4:57,03-02-17 12:16,1,1.1,1,N,186,230,1,11,0,0.5,3.54,0,0.3,15.34
2,21-02-17 14:50,21-02-17 15:03,1,0.93,1,N,141,162,2,9,0,0.5,0,0,0.3,9.8
2,21-02-17 23:23,21-02-17 23:26,6,0.84,1,N,234,68,1,5,0.5,0.5,0.88,0,0.3,7.18
2,21-02-17 23:28,21-02-17 23:39,6,2.01,1,N,249,161,1,10,0.5,0.5,2.82,0,0.3,14.12
2,21-02-17 23:55,22-02-17 0:01,6,1.52,1,N,144,87,1,7,0.5,0.5,2.08,0,0.3,10.38
2,24-02-17 12:17,24-02-17 12:28,1,1.01,1,N,230,68,1,8,0,0.5,2.64,0,0.3,11.44
2,24-02-17 12:29,24-02-17 12:33,1,0.72,1,N,68,68,1,4.5,0,0.5,1.59,0,0.3,6.89
2,24-02-17 12:47,24-02-17 12:59,1,1.6,1,N,231,113,1,9,0,0.5,1.96,0,0.3,11.76
2,24-02-17 13:03,24-02-17 22:04,1,4.31,1,N,113,239,1,34.5,0,0.5,3,0,0.3,38.3
1,01-02-17 0:00,01-02-17 0:20,1,10.3,1,N,138,162,2,30.5,0.5,0.5,0,5.54,0.3,37.34
2,01-02-17 0:00,01-02-17 0:24,1,16.05,1,N,132,123,2,44,0.5,0.5,0,0,0.3,45.3
1,01-02-17 0:00,01-02-17 0:14,1,2.4,1,N,148,68,1,12,0.5,0.5,3,0,0.3,16.3
1,01-02-17 0:00,01-02-17 0:21,1,10.4,1,N,137,213,1,30.5,0.5,0.5,6.35,0,0.3,38.15
2,01-02-17 0:00,01-02-17 0:05,4,0.76,1,N,170,170,1,5.5,0.5,0.5,1.36,0,0.3,8.16
2,01-02-17 0:00,01-02-17 0:10,2,2.8,1,N,230,79,1,10.5,0.5,0.5,2.36,0,0.3,14.16
2,01-02-17 0:00,01-02-17 0:07,1,2.48,1,N,142,246,2,9.5,0.5,0.5,0,0,0.3,10.8
2,01-02-17 0:00,01-02-17 0:29,1,13.6,1,N,138,13,1,39,0.5,0.5,5,0,0.3,45.3
2,01-02-17 0:00,01-02-17 0:03,1,0.76,1,N,263,75,1,5,0.5,0.5,1.58,0,0.3,7.88
2,01-02-17 0:00,01-02-17 0:07,1,1.3,1,N,162,100,2,7.5,0.5,0.5,0,0,0.3,8.8
2,01-02-17 0:00,01-02-17 0:04,1,1.28,1,N,48,239,1,6,0.5,0.5,2.2,0,0.3,9.5
1,01-02-17 0:00,01-02-17 0:33,2,9.3,1,N,249,244,1,30.5,0.5,0.5,0,0,0.3,31.8
1,01-02-17 0:00,01-02-17 0:10,1,3.2,1,N,144,229,2,11.5,0.5,0.5,0,0,0.3,12.8
1,01-02-17 0:00,01-02-17 0:19,1,9.1,1,N,138,78,2,28,0.5,0.5,0,5.54,0.3,34.84
2,01-02-17 0:00,01-02-17 0:07,1,1.41,1,N,163,239,1,7.5,0.5,0.5,1.2,0,0.3,10
2,01-02-17 0:00,01-02-17 0:12,1,4.07,1,N,87,25,1,14,0.5,0.5,3.82,0,0.3,19.12
1,01-02-17 0:00,01-02-17 0:06,1,0.8,1,N,107,90,2,6,0.5,0.5,0,0,0.3,7.3
1,01-02-17 0:00,01-02-17 0:09,1,1.2,1,N,161,48,1,7.5,0.5,0.5,1.75,0,0.3,10.55
1,01-02-17 0:00,01-02-17 0:11,1,3.7,1,N,263,224,1,12.5,0.5,0.5,2.75,0,0.3,16.55
2,01-02-17 0:00,01-02-17 0:06,1,1.62,1,N,170,90,1,7.5,0.5,0.5,1.76,0,0.3,10.56
2,01-02-17 0:00,01-02-17 0:06,2,1.59,1,N,137,148,2,7.5,0.5,0.5,0,0,0.3,8.8
2,01-02-17 0:00,01-02-17 0:04,6,0.7,1,N,162,233,1,5,0.5,0.5,1.26,0,0.3,7.56
2,01-02-17 0:00,01-02-17 0:03,1,1.06,1,N,229,140,1,5,0.5,0.5,1.26,0,0.3,7.56
2,01-02-17 0:00,01-02-17 0:05,2,1.09,1,N,90,246,1,6,0.5,0.5,1.46,0,0.3,8.76
2,01-02-17 0:00,01-02-17 0:05,2,0.69,1,N,230,48,1,5,0.5,0.5,1.26,0,0.3,7.56
1,01-02-17 0:00,01-02-17 0:28,1,17.9,2,N,132,230,1,52,0,0.5,11.65,5.54,0.3,69.99
1,01-02-17 0:00,01-02-17 0:12,1,3.4,1,N,164,231,2,12,0.5,0.5,0,0,0.3,13.3
1,01-02-17 0:00,01-02-17 0:29,1,14.4,1,N,263,85,1,41,0.5,0.5,5,0,0.3,47.3
2,01-02-17 0:00,01-02-17 0:14,1,2.52,1,N,186,4,1,11.5,0.5,0.5,2.2,0,0.3,15
1,01-02-17 0:00,01-02-17 0:16,1,4.1,1,N,114,255,2,15,0.5,0.5,0,0,0.3,16.3
1,01-02-17 0:00,01-02-17 0:10,1,6.8,1,N,132,135,1,20,0.5,0.5,3,0,0.3,24.3
1,01-02-17 0:00,01-02-17 0:16,1,2.6,1,N,246,233,2,12.5,0.5,0.5,0,0,0.3,13.8
2,01-02-17 0:00,01-02-17 0:03,1,0.94,1,N,163,100,1,5,0.5,0.5,1.26,0,0.3,7.56
2,01-02-17 0:00,01-02-17 0:06,1,0.54,1,N,161,233,1,6,0.5,0.5,2.19,0,0.3,9.49
2,01-02-17 0:00,01-02-17 0:19,1,5.69,1,N,79,43,1,18,0.5,0.5,3.86,0,0.3,23.16
1,01-02-17 0:00,01-02-17 0:06,1,0.8,1,N,162,100,2,6.5,0.5,0.5,0,0,0.3,7.8
1,01-02-17 0:00,01-02-17 0:14,1,2.3,1,N,79,231,1,11.5,0.5,0.5,3.8,0,0.3,16.6
2,01-02-17 0:00,01-02-17 0:11,1,1.7,1,N,148,209,1,9.5,0.5,0.5,1.8,0,0.3,12.6
1,01-02-17 0:00,01-02-17 0:13,2,2.4,1,N,211,170,1,11.5,0.5,0.5,2.55,0,0.3,15.35
1,01-02-17 0:00,01-02-17 0:10,1,1.7,1,N,114,68,2,9,0.5,0.5,0,0,0.3,10.3
2,01-02-17 0:00,01-02-17 0:09,1,1.66,1,N,224,246,1,8.5,0.5,0.5,0,0,0.3,9.8
2,01-02-17 0:00,01-02-17 0:13,5,2.9,1,N,230,158,1,12,0.5,0.5,2.66,0,0.3,15.96
1,01-02-17 0:00,01-02-17 0:19,1,5.4,1,N,231,141,1,18.5,0.5,0.5,3.95,0,0.3,23.75
1,01-02-17 0:00,01-02-17 0:17,2,3.7,1,N,163,263,1,15,0.5,0.5,1,0,0.3,17.3
2,01-02-17 0:00,01-02-17 0:08,1,1.12,1,N,48,237,1,7,0.5,0.5,1.66,0,0.3,9.96
2,01-02-17 0:00,01-02-17 0:09,1,1.6,1,N,186,107,1,8.5,0.5,0.5,1.96,0,0.3,11.76
1,01-02-17 0:00,01-02-17 0:03,1,0.7,1,N,100,48,2,4.5,0.5,0.5,0,0,0.3,5.8
2,01-02-17 0:00,01-02-17 0:06,1,1.33,1,N,43,238,1,7,0.5,0.5,1,0,0.3,9.3
2,01-02-17 0:00,01-02-17 0:09,4,1.72,1,N,231,249,1,8.5,0.5,0.5,2.94,0,0.3,12.74
2,01-02-17 0:00,01-02-17 0:10,1,3.57,1,N,138,179,1,13,0.5,0.5,2.86,0,0.3,17.16
2,01-02-17 0:00,01-02-17 0:07,1,1.8,1,N,13,158,1,8,0.5,0.5,2.32,0,0.3,11.62
1,01-02-17 0:00,01-02-17 0:05,1,0.8,1,N,158,90,1,5.5,0.5,0.5,1.7,0,0.3,8.5
2,01-02-17 0:00,01-02-17 0:20,1,3.67,1,N,161,146,2,15,0.5,0.5,0,0,0.3,16.3
1,01-02-17 0:00,01-02-17 0:11,2,4.2,5,N,48,265,1,40,0,0,15.2,10.5,0.3,66
1,01-02-17 0:00,01-02-17 0:19,1,6.6,1,N,231,151,1,21.5,0.5,0.5,3,0,0.3,25.8
2,01-02-17 0:00,01-02-17 0:04,6,0.61,1,N,232,79,1,5,0.5,0.5,1.26,0,0.3,7.56
1,01-02-17 0:00,01-02-17 0:13,2,2.3,1,N,186,79,1,10.5,0.5,0.5,1,0,0.3,12.8
1,01-02-17 0:00,01-02-17 0:03,1,0.6,1,N,114,113,2,4.5,0.5,0.5,0,0,0.3,5.8
1,01-02-17 0:00,01-02-17 0:10,3,2.9,1,N,249,50,2,10.5,0.5,0.5,0,0,0.3,11.8
2,01-02-17 0:00,01-02-17 0:07,1,1.65,1,N,36,225,1,7,0.5,0.5,1.66,0,0.3,9.96
2,01-02-17 0:00,01-02-17 0:08,1,1.58,1,N,230,170,1,8,0.5,0.5,1.86,0,0.3,11.16
2,01-02-17 0:00,01-02-17 0:12,4,5.24,1,N,88,233,1,16.5,0.5,0.5,3.56,0,0.3,21.36
2,01-02-17 0:00,01-02-17 0:20,1,4.69,1,N,68,263,1,17,0.5,0.5,2,0,0.3,20.3
1,01-02-17 0:00,01-02-17 0:08,1,2.1,1,N,114,13,1,8.5,0.5,0.5,1.75,0,0.3,11.55
1,01-02-17 0:00,01-02-17 0:18,1,8.9,1,N,138,170,1,26,0.5,0.5,4.93,5.54,0.3,37.77
1,01-02-17 0:00,01-02-17 0:05,1,1.5,1,N,48,68,1,6.5,0.5,0.5,1,0,0.3,8.8
2,01-02-17 0:00,01-02-17 0:13,1,3.1,1,N,148,161,1,12,0.5,0.5,2.66,0,0.3,15.96
2,01-02-17 0:00,01-02-17 0:16,1,8.02,1,N,138,256,1,23.5,0.5,0.5,5,0,0.3,29.8
1,01-02-17 0:00,01-02-17 0:00,1,0,5,N,264,264,1,5.8,0,0,1.8,0,0.3,7.9
1,01-02-17 0:00,01-02-17 0:11,2,4,1,N,148,112,1,14,0.5,0.5,3.05,0,0.3,18.35
2,01-02-17 0:00,01-02-17 0:34,3,7.25,1,N,79,177,1,27.5,0.5,0.5,5.76,0,0.3,34.56
1,01-02-17 0:00,01-02-17 0:08,1,2.3,1,N,246,13,1,9.5,0.5,0.5,2.15,0,0.3,12.95
1,01-02-17 0:00,01-02-17 0:15,1,4.2,1,N,249,141,1,14.5,0.5,0.5,3.15,0,0.3,18.95
2,01-02-17 0:00,01-02-17 0:05,1,1.01,1,N,234,79,1,5.5,0.5,0.5,1,0,0.3,7.8
2,01-02-17 0:00,01-02-17 0:02,1,0.64,1,N,217,256,1,4,0.5,0.5,0,0,0.3,5.3
2,01-02-17 0:00,01-02-17 0:05,1,1.55,1,N,140,75,2,6.5,0.5,0.5,0,0,0.3,7.8
2,01-02-17 0:00,01-02-17 0:27,1,7.85,1,N,114,116,2,24.5,0.5,0.5,0,0,0.3,25.8
1,01-02-17 0:00,01-02-17 0:19,2,3.7,1,N,79,48,1,15.5,0.5,0.5,2,0,0.3,18.8
1,01-02-17 0:00,01-02-17 0:30,1,18.4,2,N,132,163,1,52,0,0.5,8.5,5.54,0.3,66.84
2,01-02-17 0:00,01-02-17 0:05,5,1.16,1,N,186,48,2,6,0.5,0.5,0,0,0.3,7.3
2,01-02-17 0:00,01-02-17 0:19,6,4.47,1,N,114,112,1,18,0.5,0.5,3.86,0,0.3,23.16
1,01-02-17 0:00,01-02-17 0:08,1,1.3,1,N,256,255,1,7,0.5,0.5,2.45,0,0.3,10.75
1,01-02-17 0:00,01-02-17 0:03,2,0.8,1,N,79,113,1,4.5,0.5,0.5,4,0,0.3,9.8
1,01-02-17 0:00,01-02-17 0:18,1,4.7,1,N,186,166,1,16.5,0.5,0.5,1.78,0,0.3,19.58
2,01-02-17 0:00,01-02-17 0:04,1,0.81,1,N,263,236,1,5,0.5,0.5,1,0,0.3,7.3
2,01-02-17 0:00,01-02-17 0:21,1,9.4,1,N,79,42,1,28,0.5,0.5,3,0,0.3,32.3
1,01-02-17 0:00,01-02-17 0:33,2,6.7,1,N,142,88,1,26,0.5,0.5,3,0,0.3,30.3
1,01-02-17 0:00,01-02-17 0:17,2,3.6,1,N,106,228,1,15,0.5,0.5,0,0,0.3,16.3
1,01-02-17 0:00,01-02-17 0:26,1,7,1,N,230,181,2,24,0.5,0.5,0,0,0.3,25.3
1,01-02-17 0:00,01-02-17 0:09,1,1.5,1,N,162,142,2,7.5,0.5,0.5,0,0,0.3,8.8
2,01-02-17 0:00,01-02-17 0:13,1,2.72,1,N,161,249,1,11.5,0.5,0.5,2.56,0,0.3,15.36
2,01-02-17 0:00,01-02-17 0:03,1,0.78,1,N,223,223,1,4.5,0.5,0.5,1.74,0,0.3,7.54
1,01-02-17 0:00,01-02-17 0:06,1,1.7,1,N,100,68,1,7,0.5,0.5,2.45,0,0.3,10.75
1,01-02-17 0:00,01-02-17 0:02,1,0.6,1,N,264,264,1,4,0.5,0.5,1.05,0,0.3,6.35
1,01-02-17 0:00,01-02-17 0:38,1,12.2,1,N,166,37,2,39,0.5,0.5,0,0,0.3,40.3
2,01-02-17 0:00,01-02-17 0:21,2,7.39,1,N,162,196,1,23.5,0.5,0.5,4.96,0,0.3,29.76
2,01-02-17 0:00,01-02-17 0:11,1,2.56,1,N,113,229,1,10.5,0.5,0.5,2.36,0,0.3,14.16
1,01-02-17 0:00,01-02-17 0:22,1,6.5,1,N,142,223,1,21.5,0.5,0.5,4.55,0,0.3,27.35
1,01-02-17 0:00,01-02-17 0:03,1,0.2,1,N,162,233,1,3.5,0.5,0.5,0.95,0,0.3,5.75
2,01-02-17 0:00,01-02-17 0:24,1,5.37,1,N,148,239,1,19.5,0.5,0.5,2,0,0.3,22.8
2,01-02-17 0:00,01-02-17 0:12,2,3.04,1,N,162,145,1,12,0.5,0.5,3.32,0,0.3,16.62
2,01-02-17 0:00,01-02-17 0:21,2,5.58,1,N,211,239,1,20,0.5,0.5,3.5,0,0.3,24.8
1,01-02-17 0:00,01-02-17 0:17,1,3.3,1,N,161,79,2,13.5,0.5,0.5,0,0,0.3,14.8
1,01-02-17 0:00,01-02-17 0:19,1,4.9,1,N,141,82,2,18,0.5,0.5,0,0,0.3,19.3
1,01-02-17 0:00,01-02-17 0:03,1,1.4,1,N,262,74,2,6,0.5,0.5,0,0,0.3,7.3
1,01-02-17 0:00,01-02-17 0:29,1,8.6,1,N,230,126,2,29,0.5,0.5,0,0,0.3,30.3
2,01-02-17 0:00,01-02-17 0:01,1,0.32,1,N,90,68,1,3,0.5,0.5,1.29,0,0.3,5.59
2,01-02-17 0:00,01-02-17 0:05,5,1.18,1,N,90,107,2,6,0.5,0.5,0,0,0.3,7.3
1,01-02-17 0:00,01-02-17 0:20,1,7.6,1,N,144,228,1,24,0.5,0.5,6.3,0,0.3,31.6
1,01-02-17 0:00,01-02-17 0:12,2,5.1,1,N,137,217,2,16,0.5,0.5,0,0,0.3,17.3
2,01-02-17 0:00,01-02-17 0:21,1,9.41,1,N,138,113,1,27.5,0.5,0.5,6.87,5.54,0.3,41.21
2,01-02-17 0:00,01-02-17 0:05,2,1.02,1,N,65,97,1,6,0.5,0.5,1.46,0,0.3,8.76
1,01-02-17 0:00,01-02-17 0:09,1,1.3,1,N,231,148,1,7.5,0.5,0.5,1.75,0,0.3,10.55
2,01-02-17 0:00,01-02-17 0:07,1,0.9,1,N,68,186,1,6.5,0.5,0.5,1.56,0,0.3,9.36
2,01-02-17 0:00,01-02-17 0:02,2,0.18,1,N,230,230,2,3,0.5,0.5,0,0,0.3,4.3
2,01-02-17 0:00,01-02-17 0:02,2,0.18,1,N,230,230,4,-3,-0.5,-0.5,0,0,-0.3,-4.3
2,01-02-17 0:00,01-02-17 0:13,2,8.22,1,N,132,222,1,23.5,0.5,0.5,3,0,0.3,27.8
2,01-02-17 0:00,01-02-17 0:15,1,3.5,1,N,229,148,1,13.5,0.5,0.5,3.7,0,0.3,18.5
2,01-02-17 0:00,01-02-17 0:25,1,10.79,1,N,138,113,1,32.5,0.5,0.5,5.5,0,0.3,39.3
1,01-02-17 0:00,01-02-17 0:16,1,4.8,1,N,48,231,1,16.5,0.5,0.5,5.3,0,0.3,23.1
1,01-02-17 0:00,01-02-17 0:13,1,2.9,1,N,48,107,1,11.5,0.5,0.5,1.2,0,0.3,14
1,01-02-17 0:00,01-02-17 0:27,1,7.5,1,N,249,188,1,25,0.5,0.5,4,0,0.3,30.3
1,01-02-17 0:00,01-02-17 0:19,1,8.5,1,N,132,76,2,25.5,0.5,0.5,0,0,0.3,26.8
2,01-02-17 0:00,01-02-17 0:14,2,2.7,1,N,186,141,1,11,0.5,0.5,3.08,0,0.3,15.38
1,01-02-17 0:00,01-02-17 0:08,1,1.3,1,N,237,170,2,7,0.5,0.5,0,0,0.3,8.3
2,01-02-17 0:00,01-02-17 0:12,3,2.02,1,N,211,107,1,10,0.5,0.5,2.26,0,0.3,13.56
2,01-02-17 0:00,01-02-17 0:22,1,6.5,1,N,79,179,1,21,0.5,0.5,5.58,0,0.3,27.88
2,01-02-17 0:00,01-02-17 0:10,3,4.77,1,N,87,233,1,15,0.5,0.5,3.26,0,0.3,19.56
2,01-02-17 0:00,01-02-17 0:07,1,1.86,1,N,163,186,2,8,0.5,0.5,0,0,0.3,9.3
2,01-02-17 0:01,01-02-17 0:12,5,2.81,1,N,186,231,2,11,0.5,0.5,0,0,0.3,12.3
2,01-02-17 0:01,01-02-17 0:10,6,1.97,1,N,148,234,2,9,0.5,0.5,0,0,0.3,10.3
2,01-02-17 0:01,01-02-17 0:19,2,6.73,1,N,263,157,1,20.5,0.5,0.5,3.2,0,0.3,25
1,01-02-17 0:01,01-02-17 0:14,1,3.4,1,N,79,163,1,13,0.5,0.5,2.85,0,0.3,17.15
1,01-02-17 0:01,01-02-17 0:07,1,0.8,1,N,48,161,1,6,0.5,0.5,1.45,0,0.3,8.75
1,01-02-17 0:01,01-02-17 0:06,1,0.7,1,N,100,48,1,6,0.5,0.5,1.8,0,0.3,9.1
2,01-02-17 0:01,01-02-17 0:06,1,1.21,1,N,144,113,1,6,0.5,0.5,1.46,0,0.3,8.76
2,01-02-17 0:01,01-02-17 0:12,1,3.9,1,N,232,17,1,13,0.5,0.5,1,0,0.3,15.3
2,01-02-17 0:01,01-02-17 0:07,2,1.34,1,N,162,170,1,7,0.5,0.5,1.66,0,0.3,9.96
1,01-02-17 0:01,01-02-17 0:05,1,1,1,N,137,170,2,5.5,0.5,0.5,0,0,0.3,6.8
2,01-02-17 0:01,01-02-17 0:07,5,1.2,1,N,237,142,1,6.5,0.5,0.5,1.56,0,0.3,9.36
2,01-02-17 0:01,01-02-17 0:13,1,2.77,1,N,162,224,1,11.5,0.5,0.5,2.56,0,0.3,15.36
1,01-02-17 0:01,01-02-17 0:10,1,1.7,1,N,264,264,1,8.5,0.5,0.5,2,0,0.3,11.8
2,01-02-17 0:01,01-02-17 0:15,1,2.31,1,N,234,233,2,11,0.5,0.5,0,0,0.3,12.3
2,01-02-17 0:01,01-02-17 0:07,1,1.97,1,N,229,262,1,7.5,0.5,0.5,2,0,0.3,10.8
2,01-02-17 0:01,01-02-17 0:13,1,3.04,1,N,234,261,1,12,0.5,0.5,2.66,0,0.3,15.96
1,01-02-17 0:01,01-02-17 0:04,1,0.7,1,N,79,107,2,4.5,0.5,0.5,0,0,0.3,5.8
2,01-02-17 0:01,01-02-17 0:06,2,1.55,1,N,234,125,1,7,0.5,0.5,2.08,0,0.3,10.38
1,01-02-17 0:01,01-02-17 0:06,1,0.9,1,N,116,116,1,6,0.5,0.5,1.8,0,0.3,9.1
2,01-02-17 0:01,01-02-17 0:28,1,11.11,1,N,114,22,1,33.5,0.5,0.5,6.96,0,0.3,41.76
2,01-02-17 0:01,01-02-17 0:26,1,6.6,1,N,162,37,1,22.5,0.5,0.5,4.76,0,0.3,28.56
1,01-02-17 0:01,01-02-17 0:03,1,0.6,1,N,229,237,1,4,0.5,0.5,2,0,0.3,7.3
2,01-02-17 0:01,01-02-17 0:07,5,1.34,1,N,234,114,1,7,0.5,0.5,1.66,0,0.3,9.96
1,01-02-17 0:01,01-02-17 0:08,1,1.8,1,N,36,157,2,8,0.5,0.5,0,0,0.3,9.3
2,01-02-17 0:01,01-02-17 0:06,5,2.26,1,N,237,74,2,8,0.5,0.5,0,0,0.3,9.3
2,01-02-17 0:01,01-02-17 0:24,1,5.31,1,N,163,7,1,20.5,0.5,0.5,4.36,0,0.3,26.16
1,01-02-17 0:01,01-02-17 0:10,1,3.8,1,N,162,74,2,12,0.5,0.5,0,0,0.3,13.3
1,01-02-17 0:01,01-02-17 0:15,1,3.2,1,N,231,181,1,13.5,0.5,0.5,2.95,0,0.3,17.75
1,01-02-17 0:01,01-02-17 0:07,1,0.9,1,N,163,141,1,6,0.5,0.5,1.7,0,0.3,9
2,01-02-17 0:01,01-02-17 0:11,2,2.11,1,N,234,231,1,9,0.5,0.5,2.06,0,0.3,12.36
1,01-02-17 0:01,01-02-17 0:10,2,1.4,1,N,107,4,1,8,0.5,0.5,2.3,0,0.3,11.6
2,01-02-17 0:01,01-02-17 0:27,2,9.07,1,N,138,161,1,28.5,0.5,0.5,7.07,5.54,0.3,42.41
1,01-02-17 0:01,01-02-17 0:15,1,4,1,N,231,189,1,15,0.5,0.5,2.45,0,0.3,18.75
2,01-02-17 0:01,01-02-17 0:10,2,2.75,1,N,237,75,1,10.5,0.5,0.5,0,0,0.3,11.8
2,08-02-17 9:07,08-02-17 9:25,6,1.46,1,N,100,162,1,11.5,0,0.5,2.46,0,0.3,14.76
2,08-02-17 9:07,08-02-17 9:27,2,2.3,1,N,237,161,1,13.5,0,0.5,1.7,0,0.3,16
1,08-02-17 9:07,08-02-17 9:25,1,1.7,1,N,233,186,1,12,0,0.5,2.55,0,0.3,15.35
2,08-02-17 9:07,08-02-17 9:39,1,3.39,1,N,140,164,1,20,0,0.5,4.16,0,0.3,24.96
2,08-02-17 9:07,08-02-17 9:12,2,0.38,1,N,161,237,2,5,0,0.5,0,0,0.3,5.8
2,08-02-17 9:07,08-02-17 9:14,1,0,5,N,265,265,1,104,0,0.5,20.96,0,0.3,125.76
2,08-02-17 9:07,08-02-17 9:22,5,1.67,1,N,234,100,1,10.5,0,0.5,2.26,0,0.3,13.56
1,08-02-17 9:07,08-02-17 9:14,1,0.7,1,N,224,234,1,6,0,0.5,1.35,0,0.3,8.15
1,08-02-17 9:07,08-02-17 9:17,1,0.8,1,N,246,186,1,7.5,0,0.5,3,0,0.3,11.3
1,08-02-17 9:07,08-02-17 9:47,1,9.6,1,N,140,37,1,35.5,0,0.5,4,0,0.3,40.3
2,08-02-17 9:07,08-02-17 9:17,1,0.99,1,N,48,164,1,7.5,0,0.5,1.66,0,0.3,9.96
2,08-02-17 9:07,08-02-17 9:21,1,2.83,1,N,13,68,1,12,0,0.5,1.2,0,0.3,14
1,08-02-17 9:07,08-02-17 9:11,1,0.6,1,N,229,162,1,4.5,0,0.5,1.05,0,0.3,6.35
1,08-02-17 9:07,08-02-17 9:09,1,0.4,1,N,223,223,2,3.5,0,0.5,0,0,0.3,4.3
1,08-02-17 9:07,08-02-17 9:42,1,8,1,N,246,49,2,30,0,0.5,0,0,0.3,30.8
2,08-02-17 9:07,08-02-17 9:23,1,2.02,1,N,141,233,1,11.5,0,0.5,2.46,0,0.3,16.71
1,08-02-17 9:07,08-02-17 9:38,1,2.5,1,N,170,142,2,18.5,0,0.5,0,0,0.3,19.3
2,08-02-17 9:07,08-02-17 9:27,1,3.33,1,N,166,48,1,15,0,0.5,3.16,0,0.3,18.96
2,08-02-17 9:07,08-02-17 9:34,6,1.79,1,N,246,161,1,16.5,0,0.5,3.46,0,0.3,20.76
2,08-02-17 9:07,08-02-17 9:13,2,1.02,1,N,186,68,1,6.5,0,0.5,2.19,0,0.3,9.49
1,08-02-17 9:07,08-02-17 9:14,1,1.1,1,N,262,75,1,7,0,0.5,1.55,0,0.3,9.35
2,08-02-17 9:07,08-02-17 9:11,1,0.72,1,N,68,246,1,4.5,0,0.5,1,0,0.3,6.3
2,08-02-17 9:07,08-02-17 9:11,2,0.59,1,N,68,246,2,4.5,0,0.5,0,0,0.3,5.3
2,08-02-17 9:07,08-02-17 9:12,1,0.74,1,N,107,170,2,5.5,0,0.5,0,0,0.3,6.3
2,08-02-17 9:07,08-02-17 9:20,1,1.39,1,N,229,237,1,9,0,0.5,1.96,0,0.3,11.76
2,08-02-17 9:07,08-02-17 9:12,1,0.67,1,N,142,163,2,5,0,0.5,0,0,0.3,5.8
1,08-02-17 9:07,08-02-17 9:24,1,1.9,1,N,125,100,1,11.5,0,0.5,1.48,0,0.3,13.78
1,08-02-17 9:07,08-02-17 9:17,1,1.3,1,N,68,234,1,8,0,0.5,1.75,0,0.3,10.55
2,08-02-17 9:07,08-02-17 9:24,1,1.49,1,N,234,230,1,11.5,0,0.5,2.46,0,0.3,14.76
2,08-02-17 9:07,08-02-17 9:17,1,1.1,1,N,100,234,1,8,0,0.5,1.76,0,0.3,10.56
1,08-02-17 9:07,08-02-17 9:17,1,2.9,1,N,13,246,1,11,0,0.5,2.35,0,0.3,14.15
1,08-02-17 9:07,08-02-17 9:20,1,1.4,1,N,79,107,1,10,0,0.5,2.15,0,0.3,12.95
2,08-02-17 9:07,08-02-17 9:15,2,1.03,1,N,107,113,1,7,0,0.5,1,0,0.3,8.8
2,08-02-17 9:07,08-02-17 9:34,1,3.74,1,N,234,141,2,18,0,0.5,0,0,0.3,18.8
1,08-02-17 9:07,08-02-17 9:16,1,3.6,1,N,79,88,1,12,0,0.5,2.56,0,0.3,15.36
1,08-02-17 9:07,08-02-17 9:20,2,0.9,1,N,161,237,1,9,0,0.5,1.95,0,0.3,11.75
1,08-02-17 9:07,08-02-17 9:22,1,1.6,1,N,229,107,2,10.5,0,0.5,0,0,0.3,11.3
1,08-02-17 9:07,08-02-17 9:17,1,0.9,1,N,164,230,1,7.5,0,0.5,2,0,0.3,10.3
2,08-02-17 9:07,08-02-17 9:27,2,5.49,1,N,162,88,1,20.5,0,0.5,4,0,0.3,25.3
2,08-02-17 9:07,08-02-17 9:17,1,1.53,1,N,262,75,1,8.5,0,0.5,1.4,0,0.3,10.7
2,08-02-17 9:07,08-02-17 9:29,5,2.4,1,N,233,68,1,14.5,0,0.5,1,0,0.3,16.3
2,08-02-17 9:07,08-02-17 9:21,1,1.94,1,N,264,264,1,10.5,0,0.5,2.26,0,0.3,13.56
2,08-02-17 9:07,08-02-17 9:36,1,4.84,1,N,87,68,1,22,0,0.5,0,0,0.3,22.8
1,08-02-17 9:07,08-02-17 9:14,1,0.7,1,N,43,141,1,6,0,0.5,1.7,0,0.3,8.5
1,08-02-17 9:07,08-02-17 9:12,1,0.6,1,N,100,230,2,5,0,0.5,0,0,0.3,5.8
2,08-02-17 9:07,08-02-17 9:16,1,0.99,1,N,231,261,1,7,0,0.5,1.56,0,0.3,9.36
1,08-02-17 9:07,08-02-17 9:21,1,1.6,1,N,151,75,2,10,0,0.5,0,0,0.3,10.8
1,08-02-17 9:07,08-02-17 9:20,2,1.5,1,N,230,90,1,9,0,0.5,1.95,0,0.3,11.75
2,08-02-17 9:07,08-02-17 9:11,6,0.66,1,N,237,236,2,4.5,0,0.5,0,0,0.3,5.3
2,08-02-17 9:07,08-02-17 9:17,1,1.42,1,N,48,68,1,8,0,0.5,1.76,0,0.3,10.56
2,08-02-17 9:07,08-02-17 9:14,1,1.25,1,N,79,137,2,7,0,0.5,0,0,0.3,7.8
2,08-02-17 9:07,08-02-17 9:22,2,1.7,1,N,236,237,1,10.5,0,0.5,2,0,0.3,13.3
2,08-02-17 9:07,08-02-17 9:27,6,2.52,1,N,236,163,1,14,0,0.5,2.96,0,0.3,17.76
2,08-02-17 9:07,08-02-17 9:32,1,1.54,1,N,186,161,2,13.5,0,0.5,0,0,0.3,14.3
2,08-02-17 9:07,08-02-17 9:21,6,1.28,1,N,186,170,1,10,0,0.5,2.16,0,0.3,12.96
1,08-02-17 9:07,08-02-17 9:14,1,0.9,1,N,90,158,2,6,0,0.5,0,0,0.3,6.8
1,08-02-17 9:07,08-02-17 9:09,1,0.3,1,N,262,262,2,3.5,0,0.5,0,0,0.3,4.3
1,08-02-17 9:07,08-02-17 9:16,1,1.2,1,N,264,264,1,7.5,0,0.5,1.1,0,0.3,9.4
2,08-02-17 9:07,08-02-17 9:20,1,1.92,1,N,43,246,1,9.5,0,0.5,1.85,0,0.3,12.15
1,08-02-17 9:07,08-02-17 9:21,1,2.1,1,N,236,142,1,10.5,0,0.5,2.8,0,0.3,14.1
2,08-02-17 9:07,08-02-17 9:23,1,1.83,1,N,237,75,1,11,0,0.5,0,0,0.3,11.8
2,08-02-17 9:07,08-02-17 9:10,1,0.37,1,N,246,246,1,4,0,0.5,5,0,0.3,9.8
1,08-02-17 9:07,08-02-17 9:18,1,1.2,1,N,141,163,1,8.5,0,0.5,1.86,0,0.3,11.16
1,08-02-17 9:07,08-02-17 9:11,1,0.6,1,N,125,231,1,4.5,0,0.5,1.05,0,0.3,6.35
2,08-02-17 9:07,08-02-17 9:19,2,0.96,1,N,170,170,1,8.5,0,0.5,1.86,0,0.3,11.16
2,08-02-17 9:07,08-02-17 9:18,5,0.75,1,N,163,162,2,8,0,0.5,0,0,0.3,8.8
1,08-02-17 9:07,08-02-17 10:31,2,16.2,2,N,132,87,1,52,0,0.5,10.55,0,0.3,63.35
1,08-02-17 9:07,08-02-17 9:15,1,0.8,1,N,264,264,1,6.5,0,0.5,1.8,0,0.3,9.1
1,08-02-17 9:07,08-02-17 9:13,2,0.7,1,N,236,236,1,5.5,0,0.5,1,0,0.3,7.3
1,08-02-17 9:07,08-02-17 9:23,2,0.6,1,N,161,100,2,10.5,0,0.5,0,0,0.3,11.3
2,08-02-17 9:07,08-02-17 9:14,1,1.13,1,N,238,236,2,6.5,0,0.5,0,0,0.3,7.3
1,08-02-17 9:07,08-02-17 9:18,1,1.1,1,N,87,13,1,8.5,0,0.5,1,0,0.3,10.3
1,08-02-17 9:07,08-02-17 9:16,3,1.4,1,Y,236,238,3,7.5,0,0.5,0,0,0.3,8.3
1,08-02-17 9:07,08-02-17 9:16,1,0.6,1,N,162,162,1,6.5,0,0.5,1,0,0.3,8.3
1,08-02-17 9:07,08-02-17 9:20,1,1.7,1,N,231,90,1,9.5,0,0.5,2.05,0,0.3,12.35
1,08-02-17 9:07,08-02-17 9:31,1,2.5,1,N,239,162,1,15.5,0,0.5,2.5,0,0.3,18.8
2,08-02-17 9:07,08-02-17 9:11,1,0.35,1,N,249,113,1,4.5,0,0.5,0,0,0.3,5.3
2,08-02-17 9:07,08-02-17 9:18,1,1.81,1,N,43,239,1,9,0,0.5,1.96,0,0.3,11.76
2,08-02-17 9:07,08-02-17 9:15,1,0.95,1,N,237,236,1,6.5,0,0.5,1.46,0,0.3,8.76
1,08-02-17 9:07,08-02-17 9:28,1,5.2,1,N,140,144,1,20,0,0.5,4.15,0,0.3,24.95
2,08-02-17 9:07,08-02-17 9:15,1,0.73,1,N,234,234,1,6.5,0,0.5,1,0,0.3,8.3
2,08-02-17 9:07,08-02-17 9:15,1,0.83,1,N,163,50,1,6.5,0,0.5,1.46,0,0.3,8.76
2,08-02-17 9:07,08-02-17 9:13,1,0.5,1,N,186,90,1,4.5,0,0.5,1.06,0,0.3,6.36
2,08-02-17 9:07,08-02-17 9:46,2,8.65,1,N,186,129,1,34.5,0,0.5,8.17,5.54,0.3,49.01
2,08-02-17 9:07,08-02-17 10:13,1,10.61,1,N,138,163,1,46,0,0.5,10.47,5.54,0.3,62.81
2,08-02-17 9:07,08-02-17 9:23,1,1.64,1,N,239,163,2,11,0,0.5,0,0,0.3,11.8
1,08-02-17 9:07,08-02-17 9:13,1,0.5,1,N,137,170,2,5.5,0,0.5,0,0,0.3,6.3
1,08-02-17 9:07,08-02-17 9:26,1,2.2,1,N,142,170,1,13,0,0.5,2.75,0,0.3,16.55
1,08-02-17 9:07,08-02-17 9:10,3,0.5,1,N,262,140,1,4,0,0.5,1.4,0,0.3,6.2
1,08-02-17 9:07,08-02-17 9:15,1,0.6,1,N,230,163,1,6.5,0,0.5,1.45,0,0.3,8.75
2,08-02-17 9:07,08-02-17 9:14,1,0.83,1,N,79,234,1,6,0,0.5,1,0,0.3,7.8
1,08-02-17 9:07,08-02-17 9:26,1,1.9,1,N,151,143,1,13,0,0.5,1.2,0,0.3,15
1,08-02-17 9:07,08-02-17 9:24,1,2.2,1,N,238,140,1,12,0,0.5,2.55,0,0.3,15.35
2,08-02-17 9:07,08-02-17 9:35,1,3.28,1,N,162,125,1,18.5,0,0.5,3.86,0,0.3,23.16
2,08-02-17 9:07,08-02-17 9:11,3,0.67,1,N,141,263,1,4.5,0,0.5,1.06,0,0.3,6.36
1,08-02-17 9:08,08-02-17 9:19,1,0.7,1,N,233,141,1,8.5,0,0.5,2.3,0,0.3,11.6
1,08-02-17 9:08,08-02-17 9:29,1,1.9,1,N,148,231,2,14.5,0,0.5,0,0,0.3,15.3
2,08-02-17 9:08,08-02-17 9:31,1,9.16,1,N,107,138,2,28,0,0.5,0,5.54,0.3,34.34
2,08-02-17 9:08,08-02-17 9:31,3,3.04,1,N,211,161,1,16,0,0.5,1.5,0,0.3,18.3
2,08-02-17 9:08,08-02-17 9:08,1,0,1,N,193,193,1,2.5,0,0.5,0,0,0.3,3.3
2,08-02-17 9:08,08-02-17 9:08,1,0,1,N,193,193,4,-2.5,0,-0.5,0,0,-0.3,-3.3
2,08-02-17 9:08,08-02-17 9:15,1,0.61,1,N,100,161,2,6,0,0.5,0,0,0.3,6.8
2,08-02-17 9:08,08-02-17 9:14,2,1.14,1,N,236,237,1,6.5,0,0.5,0.7,0,0.3,8
2,08-02-17 9:08,08-02-17 9:16,1,1.08,1,N,140,229,1,7,0,0.5,1.56,0,0.3,9.36
1,08-02-17 9:08,08-02-17 9:10,1,0.5,1,N,140,140,2,4,0,0.5,0,0,0.3,4.8
2,08-02-17 9:08,08-02-17 9:16,2,0.96,1,N,186,161,2,7,0,0.5,0,0,0.3,7.8
2,08-02-17 9:08,08-02-17 9:20,1,1.33,1,N,237,161,1,9,0,0.5,1.47,0,0.3,11.27
2,08-02-17 9:08,08-02-17 9:17,6,0.72,1,N,151,238,1,7.5,0,0.5,1.66,0,0.3,9.96
2,08-02-17 9:08,08-02-17 9:16,1,1.53,1,N,238,140,1,7.5,0,0.5,1.66,0,0.3,9.96
1,08-02-17 9:08,08-02-17 9:19,1,1.7,1,N,237,239,1,9.5,0,0.5,2.05,0,0.3,12.35
1,08-02-17 9:08,08-02-17 9:18,1,1.4,1,N,107,233,1,8.5,0,0.5,2.3,0,0.3,11.6
1,08-02-17 9:08,08-02-17 9:13,1,0.7,1,N,230,50,2,5.5,0,0.5,0,0,0.3,6.3
2,08-02-17 9:08,08-02-17 9:15,1,1.07,1,N,164,246,2,7,0,0.5,0,0,0.3,7.8
2,08-02-17 9:08,08-02-17 9:32,1,3,1,N,186,231,2,16.5,0,0.5,0,0,0.3,17.3
2,08-02-17 9:08,08-02-17 9:16,1,1.33,1,N,224,137,1,7.5,0,0.5,1.2,0,0.3,9.5
1,08-02-17 9:08,08-02-17 9:35,1,4.7,1,N,137,236,2,20,0,0.5,0,0,0.3,20.8
2,08-02-17 9:08,08-02-17 9:26,1,1.62,1,N,100,162,2,12,0,0.5,0,0,0.3,12.8
1,08-02-17 9:08,08-02-17 9:22,1,1.3,1,N,141,161,1,10.5,0,0.5,2.8,0,0.3,14.1
1,08-02-17 9:08,08-02-17 9:23,1,2.9,1,N,238,74,2,12.5,0,0.5,0,0,0.3,13.3
1,08-02-17 9:08,08-02-17 9:16,1,1.3,1,N,229,237,2,7.5,0,0.5,0,0,0.3,8.3
1,08-02-17 9:08,08-02-17 9:21,1,1.1,1,N,229,233,1,9.5,0,0.5,1.7,0,0.3,12
1,08-02-17 9:08,08-02-17 9:08,1,0.2,1,N,138,138,2,2.5,0,0.5,0,0,0.3,3.3
1,08-02-17 9:08,08-02-17 9:46,1,4.9,1,N,262,161,1,26,0,0.5,2,0,0.3,28.8
1,08-02-17 9:08,08-02-17 9:12,1,0.7,1,N,166,166,1,5,0,0.5,1.15,0,0.3,6.95
2,08-02-17 9:08,08-02-17 9:11,1,0.29,1,N,236,236,1,4,0,0.5,0.96,0,0.3,5.76
2,08-02-17 9:08,08-02-17 9:19,1,1.45,1,N,236,141,1,8.5,0,0.5,1.86,0,0.3,11.16
2,08-02-17 9:08,08-02-17 9:35,1,3.44,1,N,144,45,1,18,0,0.5,2,0,0.3,20.8
2,08-02-17 9:08,08-02-17 9:21,2,1.98,1,N,236,238,2,10.5,0,0.5,0,0,0.3,11.3
2,08-02-17 9:08,08-02-17 9:20,2,2.92,1,N,238,74,1,11.5,0,0.5,2,0,0.3,14.3
1,08-02-17 9:08,08-02-17 9:21,1,1.6,1,N,230,164,1,9.5,0,0.5,2.05,0,0.3,12.35
2,08-02-17 9:08,08-02-17 9:15,1,0.62,1,N,79,107,2,6,0,0.5,0,0,0.3,6.8
2,08-02-17 9:08,08-02-17 9:34,1,2.86,1,N,262,164,1,17.5,0,0.5,3.66,0,0.3,21.96
2,08-02-17 9:08,08-02-17 9:32,1,3.12,1,N,234,209,2,16.5,0,0.5,0,0,0.3,17.3
2,08-02-17 9:08,08-02-17 10:02,1,11.97,1,N,138,186,1,43.5,0,0.5,9.97,5.54,0.3,59.81
2,08-02-17 9:08,08-02-17 9:17,5,3.4,1,N,13,66,1,11.5,0,0.5,1.23,0,0.3,13.53
1,08-02-17 9:08,08-02-17 9:15,1,0.8,1,N,48,161,1,6.5,0,0.5,2,0,0.3,9.3
2,08-02-17 9:08,08-02-17 9:19,2,1.78,1,N,234,231,1,9.5,0,0.5,1.8,0,0.3,12.1
2,08-02-17 9:08,08-02-17 9:26,1,2.83,1,N,249,142,2,14,0,0.5,0,0,0.3,14.8
2,08-02-17 9:08,08-02-17 9:26,1,1.89,1,N,13,114,1,13,0,0.5,2,0,0.3,15.8
2,08-02-17 9:08,08-02-17 9:16,6,0.54,1,N,230,100,2,6.5,0,0.5,0,0,0.3,7.3
2,08-02-17 9:08,08-02-17 9:32,1,3.63,1,N,239,113,1,17.5,0,0.5,3,0,0.3,21.3
1,08-02-17 9:08,08-02-17 9:24,1,2.8,1,N,263,170,1,12.5,0,0.5,3.95,0,0.3,17.25
2,08-02-17 9:08,08-02-17 9:28,1,7.38,1,N,262,87,1,22.5,0,0.5,4.66,0,0.3,27.96
2,08-02-17 9:08,08-02-17 9:33,6,1.97,1,N,229,186,2,15.5,0,0.5,0,0,0.3,16.3
1,08-02-17 9:08,08-02-17 9:12,1,0.6,1,N,231,231,1,4.5,0,0.5,1,0,0.3,6.3
1,08-02-17 9:08,08-02-17 9:58,1,11,1,N,138,161,1,39,0,0.5,9.05,5.54,0.3,54.39
1,08-02-17 9:08,08-02-17 9:39,1,9.6,1,N,138,116,1,29.5,0,0.5,8.95,5.54,0.3,44.79
1,08-02-17 9:08,08-02-17 9:13,1,0.5,1,N,48,100,1,5,0,0.5,1,0,0.3,6.8
1,08-02-17 9:08,08-02-17 9:22,1,1.2,1,N,246,161,1,10,0,0.5,2.15,0,0.3,12.95
1,08-02-17 9:08,08-02-17 9:12,1,0.9,1,N,263,141,2,5.5,0,0.5,0,0,0.3,6.3
1,08-02-17 9:08,08-02-17 9:27,1,1.8,1,N,79,164,2,13,0,0.5,0,0,0.3,13.8
2,08-02-17 9:08,08-02-17 9:20,1,2.77,1,N,231,246,1,12,0,0.5,2.56,0,0.3,15.36
2,08-02-17 9:08,08-02-17 9:18,1,6.68,1,N,262,88,2,19,0,0.5,0,0,0.3,19.8
1,08-02-17 9:08,08-02-17 9:20,1,1.8,1,N,186,142,1,10,0,0.5,2.7,0,0.3,13.5
2,08-02-17 9:08,08-02-17 9:12,6,0.34,1,N,162,229,2,4.5,0,0.5,0,0,0.3,5.3
2,08-02-17 9:08,08-02-17 9:12,1,0.5,1,N,164,234,1,4.5,0,0.5,1.06,0,0.3,6.36
2,08-02-17 9:08,08-02-17 9:30,1,5.05,1,N,87,233,1,20,0,0.5,4.16,0,0.3,24.96
2,08-02-17 9:08,08-02-17 9:11,5,0.72,1,N,50,50,2,4.5,0,0.5,0,0,0.3,5.3
1,08-02-17 9:08,08-02-17 9:28,1,2.5,1,N,125,161,1,14,0,0.5,3.7,0,0.3,18.5
2,08-02-17 9:08,08-02-17 9:11,1,0.44,1,N,43,142,1,4,0,0.5,1.44,0,0.3,6.24
2,08-02-17 9:08,08-02-17 9:18,1,1.57,1,N,238,236,1,8.5,0,0.5,2.32,0,0.3,11.62
2,08-02-17 9:08,08-02-17 9:54,1,16.64,1,N,138,261,1,48.5,0,0.5,16.45,5.54,0.3,71.29
1,08-02-17 9:08,08-02-17 9:36,1,4.9,1,N,148,162,2,21,0,0.5,0,0,0.3,21.8
1,08-02-17 9:08,08-02-17 9:35,1,3.1,1,N,170,125,1,18,0,0.5,3.75,0,0.3,22.55
1,08-02-17 9:08,08-02-17 9:21,1,5.9,1,N,143,244,1,19.5,0,0.5,0,0,0.3,20.3
1,08-02-17 9:08,08-02-17 9:14,1,0.7,1,N,161,163,1,5.5,0,0.5,1.25,0,0.3,7.55
1,08-02-17 9:08,08-02-17 10:07,1,10.2,1,N,138,113,1,41,0,0.5,9.45,5.54,0.3,56.79
1,08-02-17 9:08,08-02-17 9:15,1,0.8,1,N,236,237,1,6.5,0,0.5,1.8,0,0.3,9.1
2,08-02-17 9:08,08-02-17 9:16,1,0.95,1,N,230,186,1,6.5,0,0.5,2.5,0,0.3,9.8
1,08-02-17 9:08,08-02-17 9:17,1,0.5,1,N,161,162,1,7.5,0,0.5,1.65,0,0.3,9.95
2,08-02-17 9:08,08-02-17 9:52,1,12.22,1,N,138,90,2,39.5,0,0.5,0,5.54,0.3,45.84
1,08-02-17 9:08,08-02-17 9:12,1,0.5,1,N,141,237,2,4.5,0,0.5,0,0,0.3,5.3
2,08-02-17 9:08,08-02-17 9:25,1,1.72,1,N,164,163,1,12,0,0.5,3.84,0,0.3,16.64
2,08-02-17 9:08,08-02-17 9:19,1,1.26,1,N,141,162,1,8.5,0,0.5,1.86,0,0.3,11.16
2,08-02-17 9:08,08-02-17 9:17,2,1.02,1,N,100,163,1,7.5,0,0.5,2.08,0,0.3,10.38
1,08-02-17 9:08,08-02-17 9:31,1,2.5,1,N,4,162,1,16,0,0.5,1.5,0,0.3,18.3
1,08-02-17 9:08,08-02-17 9:11,1,0.8,1,N,237,237,1,4.5,0,0.5,1.55,0,0.3,6.85
1,08-02-17 9:08,08-02-17 9:12,1,1.1,1,N,236,75,1,5.5,0,0.5,1.85,0,0.3,8.15
1,08-02-17 9:08,08-02-17 9:34,1,5.2,1,N,88,164,1,22,0,0.5,5.7,0,0.3,28.5
1,08-02-17 9:08,08-02-17 9:24,2,1.2,1,N,45,231,2,11,0,0.5,0,0,0.3,11.8
1,08-02-17 9:08,08-02-17 9:25,1,2.1,1,N,262,162,2,12.5,0,0.5,0,0,0.3,13.3
2,08-02-17 9:08,08-02-17 9:15,1,0.3,1,N,234,107,2,6,0,0.5,0,0,0.3,6.8
2,08-02-17 9:08,08-02-17 9:15,1,0.49,1,N,170,234,1,6.5,0,0.5,1.46,0,0.3,8.76
2,08-02-17 9:08,08-02-17 9:11,2,0.55,1,N,50,246,2,4,0,0.5,0,0,0.3,4.8
2,08-02-17 9:08,08-02-17 9:18,2,1.13,1,N,161,43,1,8,0,0.5,1.76,0,0.3,10.56
2,08-02-17 9:08,08-02-17 9:20,1,1.6,1,N,163,170,1,9.5,0,0.5,1,0,0.3,11.3
2,08-02-17 9:08,08-02-17 9:16,1,1,1,N,100,234,1,6.5,0,0.5,1.46,0,0.3,8.76
1,08-02-17 9:08,08-02-17 9:14,1,0.7,1,Y,236,237,1,5.5,0,0.5,1,0,0.3,7.3
1,08-02-17 9:08,08-02-17 10:03,1,15.5,1,N,138,87,1,50,0,0.5,11.25,5.54,0.3,67.59
1,08-02-17 9:08,08-02-17 9:32,1,3.3,1,N,239,68,1,17,0,0.5,3.55,0,0.3,21.35
1,08-02-17 9:08,08-02-17 9:35,1,7.3,1,N,140,65,2,27.5,0,0.5,0,0,0.3,28.3
1,08-02-17 9:08,08-02-17 9:37,1,6.1,1,N,88,190,2,25,0,0.5,0,5.54,0.3,31.34
1,08-02-17 9:08,08-02-17 9:20,1,1.6,1,N,161,186,1,9,0,0.5,1.95,0,0.3,11.75
2,08-02-17 9:08,08-02-17 9:20,1,2.11,1,N,141,230,1,10.5,0,0.5,2.26,0,0.3,13.56
2,08-02-17 9:08,08-02-17 9:21,5,2.14,1,N,50,238,1,10.5,0,0.5,1.5,0,0.3,12.8
2,08-02-17 9:08,08-02-17 9:26,2,2.79,1,N,170,231,1,14,0,0.5,2.96,0,0.3,17.76
2,08-02-17 9:08,08-02-17 9:25,1,2.15,1,N,234,211,2,12.5,0,0.5,0,0,0.3,13.3
2,08-02-17 9:08,08-02-17 9:35,1,3.32,1,N,211,170,1,18,0,0.5,3.76,0,0.3,22.56
2,08-02-17 9:08,08-02-17 9:38,1,7.25,1,N,230,261,1,26.5,0,0.5,5.46,0,0.3,32.76
1,08-02-17 9:08,08-02-17 9:35,1,3.3,1,N,211,246,1,19,0,0.5,0,0,0.3,19.8
1,08-02-17 9:08,08-02-17 9:27,1,2.1,1,N,186,107,1,13,0,0.5,2,0,0.3,15.8
2,08-02-17 9:08,08-02-17 9:26,1,3.1,1,N,48,236,1,14.5,0,0.5,3.82,0,0.3,19.12
2,08-02-17 9:08,08-02-17 9:41,1,3.28,1,N,232,186,1,21,0,0.5,0,0,0.3,21.8
2,08-02-17 9:08,08-02-17 9:27,1,2.09,1,N,113,161,2,13.5,0,0.5,0,0,0.3,14.3
2,08-02-17 9:08,08-02-17 9:09,1,0.35,1,N,7,7,2,3.5,0,0.5,0,0,0.3,4.3
2,08-02-17 9:08,08-02-17 9:11,1,0.44,1,N,238,239,2,4,0,0.5,0,0,0.3,4.8
2,08-02-17 9:08,08-02-17 9:18,1,0.98,1,N,163,162,2,8,0,0.5,0,0,0.3,8.8
1,08-02-17 9:08,08-02-17 9:51,1,6,1,N,239,45,1,29,0,0.5,5.95,0,0.3,35.75
1,08-02-17 9:08,08-02-17 9:23,1,2.1,1,N,264,229,2,11,0,0.5,0,0,0.3,11.8
1,08-02-17 9:08,08-02-17 9:21,1,1.1,1,N,237,162,1,9.5,0,0.5,2.55,0,0.3,12.85
1,08-02-17 9:08,08-02-17 9:18,1,2.1,1,N,263,74,1,9.5,0,0.5,2.05,0,0.3,12.35
2,08-02-17 9:08,08-02-17 9:19,1,1.65,1,N,79,170,1,9,0,0.5,1,0,0.3,10.8
1,08-02-17 9:08,08-02-17 9:22,1,4.2,1,N,137,87,1,15.5,0,0.5,1,0,0.3,17.3
1,08-02-17 9:08,08-02-17 9:15,1,0.6,1,N,48,230,1,6,0,0.5,1.35,0,0.3,8.15
2,08-02-17 9:08,08-02-17 9:44,1,10.78,1,N,230,138,1,37,0,0.5,8.67,5.54,0.3,52.01
2,08-02-17 9:08,08-02-17 9:19,1,0.59,1,N,170,234,1,8,0,0.5,1.76,0,0.3,10.56
2,08-02-17 9:08,08-02-17 9:18,2,1.26,1,N,161,234,1,8,0,0.5,1.76,0,0.3,10.56
2,08-02-17 9:08,08-02-17 9:14,2,0.68,1,N,237,237,1,5.5,0,0.5,1.26,0,0.3,7.56
2,08-02-17 9:08,08-02-17 9:22,5,1.58,1,N,233,163,1,10.5,0,0.5,1,0,0.3,12.3
2,08-02-17 9:08,08-02-17 9:12,1,0.84,1,N,237,43,2,5,0,0.5,0,0,0.3,5.8
1,08-02-17 9:08,08-02-17 9:48,1,16.5,1,N,161,197,1,48.5,0,0.5,13.7,5.54,0.3,68.54
1,08-02-17 9:08,08-02-17 9:17,1,1.6,1,N,264,264,2,8,0,0.5,0,0,0.3,8.8
1,08-02-17 9:08,08-02-17 9:14,1,0.8,1,N,231,125,1,6.5,0,0.5,2.15,0,0.3,9.45
1,08-02-17 9:08,08-02-17 9:19,2,1.4,1,N,113,144,1,8.5,0,0.5,1,0,0.3,10.3
1,08-02-17 9:08,08-02-17 9:19,1,1.8,1,N,262,229,2,9.5,0,0.5,0,0,0.3,10.3
1,08-02-17 9:08,08-02-17 9:19,1,1.8,1,N,140,75,1,9.5,0,0.5,2.05,0,0.3,12.35
2,08-02-17 9:08,08-02-17 9:25,3,2.31,1,N,231,186,1,13,0,0.5,4.14,0,0.3,17.94
2,08-02-17 9:08,08-02-17 10:05,5,9.43,1,N,138,162,1,39,0,0.5,9.07,5.54,0.3,54.41
2,08-02-17 9:08,08-02-17 9:22,1,1.7,1,N,68,107,1,10,0,0.5,2.16,0,0.3,12.96
2,08-02-17 9:08,08-02-17 9:14,1,1.21,1,N,236,239,1,6.5,0,0.5,1,0,0.3,8.3
2,08-02-17 9:08,08-02-17 9:24,5,0.86,1,N,170,100,1,10.5,0,0.5,2.26,0,0.3,13.56
1,08-02-17 9:08,08-02-17 9:18,1,1.6,1,N,186,50,1,9,0,0.5,2.9,0,0.3,12.7
1,08-02-17 9:08,08-02-17 9:10,1,0.8,1,N,236,75,1,4,0,0.5,0,0,0.3,4.8
2,08-02-17 9:08,08-02-17 9:10,1,0.42,1,N,264,264,2,4,0,0.5,0,0,0.3,4.8
2,08-02-17 9:08,08-02-17 9:33,1,2.22,1,N,234,162,1,16,0,0.5,2,0,0.3,18.8
2,08-02-17 9:08,08-02-17 9:13,1,0.9,1,N,141,237,2,5.5,0,0.5,0,0,0.3,6.3
1,08-02-17 9:08,08-02-17 9:32,1,3,1,N,163,236,1,17,0,0.5,3.55,0,0.3,21.35
1,08-02-17 9:08,08-02-17 9:13,1,0.5,1,N,48,50,1,4.5,0,0.5,1.55,0,0.3,6.85
1,08-02-17 9:08,08-02-17 9:49,1,17.4,2,N,113,132,1,52,0,0.5,11.65,5.54,0.3,69.99
1,08-02-17 9:08,08-02-17 9:21,1,1.2,1,N,164,107,1,9,0,0.5,1,0,0.3,10.8
1,08-02-17 9:08,08-02-17 9:26,1,2.9,1,N,158,143,1,14,0,0.5,2.95,0,0.3,17.75
2,08-02-17 9:08,08-02-17 9:41,1,2.04,1,N,186,162,2,19.5,0,0.5,0,0,0.3,20.3
2,08-02-17 9:08,08-02-17 9:51,1,16.65,2,N,234,132,1,52,0,0.5,5,5.54,0.3,63.34
2,08-02-17 9:08,08-02-17 9:16,1,0.49,1,N,162,170,1,6.5,0,0.5,1.82,0,0.3,9.12
1,08-02-17 9:08,08-02-17 9:28,1,1.8,1,N,13,231,1,13,0,0.5,2,0,0.3,15.8
1,08-02-17 9:08,08-02-17 9:28,1,2.6,1,N,246,249,1,14,0,0.5,2.95,0,0.3,17.75
1,08-02-17 9:08,08-02-17 9:20,1,1.1,1,N,186,233,1,8.5,0,0.5,1,0,0.3,10.3
1,08-02-17 9:08,08-02-17 9:16,1,0.8,1,N,107,137,1,7,0,0.5,1.55,0,0.3,9.35
2,08-02-17 9:08,08-02-17 9:24,2,1.28,1,N,186,230,1,11,0,0.5,2.95,0,0.3,14.75
2,08-02-17 9:08,08-02-17 9:33,1,2.06,1,N,113,162,2,15.5,0,0.5,0,0,0.3,16.3
2,08-02-17 9:08,08-02-17 9:19,1,1.28,1,N,13,87,2,9,0,0.5,0,0,0.3,9.8
2,08-02-17 9:08,08-02-17 9:28,1,2.62,1,N,4,164,1,14.5,0,0.5,3.06,0,0.3,18.36
2,08-02-17 9:08,08-02-17 9:15,1,0.9,1,N,163,170,1,6,0,0.5,1.02,0,0.3,7.82
2,08-02-17 9:08,08-02-17 9:41,1,5.15,1,N,143,13,1,24,0,0.5,4.37,0,0.3,29.17
2,08-02-17 9:08,08-02-17 9:12,1,0.44,1,N,141,229,2,4,0,0.5,0,0,0.3,4.8
1,08-02-17 9:08,08-02-17 9:29,1,4.3,1,N,87,170,1,18,0,0.5,5.64,0,0.3,24.44
1,08-02-17 9:08,08-02-17 9:27,1,2.3,1,N,238,237,1,13.5,0,0.5,1,0,0.3,15.3
2,08-02-17 9:08,08-02-17 9:23,1,2.36,1,N,141,75,1,12,0,0.5,1.5,0,0.3,14.3
2,08-02-17 9:08,08-02-17 9:23,1,2.55,1,N,262,41,1,12,0,0.5,1,0,0.3,13.8
2,08-02-17 9:08,08-02-17 9:18,1,1.58,1,N,186,79,2,8.5,0,0.5,0,0,0.3,9.3
2,08-02-17 9:08,08-02-17 9:21,1,1.21,1,N,164,246,1,9.5,0,0.5,2.58,0,0.3,12.88
2,08-02-17 9:08,08-02-17 9:40,1,5.2,1,N,48,261,2,23.5,0,0.5,0,0,0.3,24.3
1,08-02-17 9:08,08-02-17 9:21,1,1.4,1,N,233,79,1,9.5,0,0.5,1,0,0.3,11.3
1,08-02-17 9:08,08-02-17 9:38,1,5.8,1,N,209,140,1,23.5,0,0.5,4.85,0,0.3,29.15
1,08-02-17 9:08,08-02-17 9:23,1,2.7,1,N,236,41,1,12.5,0,0.5,2.65,0,0.3,15.95
2,08-02-17 9:08,08-02-17 10:12,6,9.26,1,N,177,68,1,43,0,0.5,0,0,0.3,43.8
2,08-02-17 9:08,08-02-17 9:26,2,7.75,1,N,140,13,1,24,0,0.5,4,0,0.3,28.8
2,08-02-17 9:08,08-02-17 9:12,6,0.51,1,N,161,161,1,4.5,0,0.5,1.59,0,0.3,6.89
2,08-02-17 9:08,08-02-17 9:14,1,0.55,1,N,141,236,2,5.5,0,0.5,0,0,0.3,6.3
2,08-02-17 9:08,08-02-17 9:16,2,0.58,1,N,88,87,2,6.5,0,0.5,0,0,0.3,7.3
1,08-02-17 9:08,08-02-17 9:26,1,1.2,1,N,170,237,1,11.5,0,0.5,2.45,0,0.3,14.75
1,08-02-17 9:08,08-02-17 9:20,1,1,1,N,48,163,3,9,0,0.5,0,0,0.3,9.8
2,08-02-17 9:08,08-02-17 9:27,1,2.71,1,N,186,231,2,14,0,0.5,0,0,0.3,14.8
2,08-02-17 9:08,08-02-17 9:24,1,2.22,1,N,140,162,1,12,0,0.5,1.5,0,0.3,14.3
2,08-02-17 9:08,08-02-17 9:11,1,0.67,1,N,68,48,1,4.5,0,0.5,1.06,0,0.3,6.36
2,08-02-17 9:08,08-02-17 9:18,4,2.4,1,N,236,74,1,10,0,0.5,2.16,0,0.3,12.96
2,08-02-17 9:08,08-02-17 9:11,6,0.56,1,N,144,79,2,4.5,0,0.5,0,0,0.3,5.3
2,08-02-17 9:08,08-02-17 9:15,1,1.23,1,N,249,186,1,7,0,0.5,1.95,0,0.3,9.75
2,08-02-17 9:08,08-02-17 9:36,1,1.5,1,N,233,186,1,17,0,0.5,4.45,0,0.3,22.25
2,08-02-17 9:08,08-02-17 9:16,1,0.81,1,N,68,246,1,6.5,0,0.5,1.46,0,0.3,8.76
2,08-02-17 9:08,08-02-17 9:12,1,0.72,1,N,90,158,1,5,0,0.5,1.16,0,0.3,6.96
1,08-02-17 9:08,08-02-17 9:32,1,2.5,1,N,161,236,1,15.5,0,0.5,3.25,0,0.3,19.55
2,08-02-17 9:08,08-02-17 9:18,1,1.64,1,N,43,236,1,8.5,0,0.5,1,0,0.3,10.3
2,08-02-17 9:08,08-02-17 9:28,1,2.79,1,N,43,140,1,14.5,0,0.5,3.06,0,0.3,18.36
2,08-02-17 9:08,08-02-17 9:49,1,12.51,1,N,138,113,1,38.5,0,0.5,11.21,5.54,0.3,56.05
2,08-02-17 9:08,08-02-17 9:38,1,3.69,1,N,236,234,1,19.5,0,0.5,4.06,0,0.3,26.31
2,08-02-17 9:08,08-02-17 9:13,2,0.42,1,N,113,113,1,5,0,0.5,1.16,0,0.3,6.96
2,08-02-17 9:08,08-02-17 9:18,1,1.23,1,N,140,141,1,8,0,0.5,1.76,0,0.3,10.56
2,08-02-17 9:08,08-02-17 9:13,5,0.94,1,N,249,234,1,5.5,0,0.5,0.01,0,0.3,6.31
2,08-02-17 9:08,08-02-17 9:28,1,2.33,1,N,142,233,1,14,0,0.5,3.7,0,0.3,18.5
2,08-02-17 9:08,08-02-17 9:26,1,2.31,1,N,100,125,1,13,0,0.5,2.76,0,0.3,16.56
2,08-02-17 9:08,08-02-17 9:19,6,1.07,1,N,148,211,1,8.5,0,0.5,1,0,0.3,10.3
2,08-02-17 9:08,08-02-17 9:40,2,7.29,1,N,137,87,2,24,0,0.5,0,0,0.3,24.8
1,08-02-17 9:08,08-02-17 9:19,1,1.3,1,N,163,140,1,9,0,0.5,2,0,0.3,11.8
1,08-02-17 9:08,08-02-17 9:22,1,2,1,N,224,161,1,11,0,0.5,3.5,0,0.3,15.3
2,08-02-17 9:08,08-02-17 9:31,1,1.86,1,N,233,163,1,14.5,0,0.5,1.2,0,0.3,16.5
2,08-02-17 9:08,08-02-17 9:19,1,1.55,1,N,140,229,1,9,0,0.5,1.96,0,0.3,11.76
2,08-02-17 9:08,08-02-17 9:18,1,1.25,1,N,68,234,1,7.5,0,0.5,1.66,0,0.3,9.96
2,08-02-17 9:08,08-02-17 9:17,3,1.47,1,N,48,237,1,8,0,0.5,2.2,0,0.3,11
1,08-02-17 9:08,08-02-17 9:17,1,0.9,1,N,164,161,1,7.5,0,0.5,2.05,0,0.3,10.35
2,08-02-17 9:08,08-02-17 9:12,1,0.39,1,N,236,237,1,4.5,0,0.5,1.06,0,0.3,6.36
2,08-02-17 9:08,08-02-17 9:27,5,1.74,1,N,137,230,2,12.5,0,0.5,0,0,0.3,13.3
2,08-02-17 9:08,08-02-17 9:19,1,1.22,1,N,186,246,2,8,0,0.5,0,0,0.3,8.8
2,08-02-17 9:08,08-02-17 9:31,1,3.21,1,N,236,50,1,16.5,0,0.5,4.32,0,0.3,21.62
2,08-02-17 9:08,08-02-17 9:25,1,1.27,1,N,50,68,2,11.5,0,0.5,0,0,0.3,12.3
1,08-02-17 9:08,08-02-17 9:26,1,1.4,1,N,107,100,1,12,0,0.5,2,0,0.3,14.8
2,08-02-17 9:08,08-02-17 9:14,1,0.42,1,N,141,140,2,5.5,0,0.5,0,0,0.3,6.3
2,08-02-17 9:08,08-02-17 9:16,1,0.95,1,N,262,236,1,7,0,0.5,1.5,0,0.3,9.3
1,08-02-17 9:08,08-02-17 9:15,1,0.8,1,N,230,186,1,6,0,0.5,2,0,0.3,8.8
1,08-02-17 9:08,08-02-17 9:25,1,1.3,1,N,170,161,1,11,0,0.5,2.35,0,0.3,14.15
2,08-02-17 9:08,08-02-17 9:39,2,3.72,1,N,211,141,1,20.5,0,0.5,4.26,0,0.3,25.56
2,08-02-17 9:08,08-02-17 9:31,1,2.92,1,N,239,140,2,16,0,0.5,0,0,0.3,16.8
2,08-02-17 9:08,08-02-17 9:16,1,1.25,1,N,140,263,1,7,0,0.5,1.6,0,0.3,9.4
2,08-02-17 9:08,08-02-17 9:08,1,0,5,N,264,68,1,29,0,0.5,0,0,0.3,29.8
1,08-02-17 9:08,08-02-17 9:22,1,1.3,1,N,142,163,1,10,0,0.5,1,0,0.3,11.8
1,08-02-17 9:08,08-02-17 9:15,1,0.7,1,N,237,237,1,6,0,0.5,1.35,0,0.3,8.15
2,08-02-17 9:08,08-02-17 9:34,4,2.62,1,N,231,164,2,17,0,0.5,0,0,0.3,17.8
2,08-02-17 9:08,08-02-17 10:05,1,10.15,1,N,107,107,2,44,0,0.5,0,0,0.3,44.8
1,08-02-17 9:08,08-02-17 9:16,1,1.5,1,N,238,143,1,7,0,0.5,1,0,0.3,8.8
2,08-02-17 9:08,08-02-17 9:19,1,1.32,1,N,162,137,1,8.5,0,0.5,2.32,0,0.3,11.62
2,08-02-17 9:08,08-02-17 9:28,1,3.04,1,N,239,140,2,14.5,0,0.5,0,0,0.3,15.3
1,08-02-17 9:08,08-02-17 9:20,1,2.9,1,N,107,232,1,12,0,0.5,1.28,0,0.3,14.08
1,08-02-17 9:08,08-02-17 9:25,1,2.6,1,N,234,87,1,12.5,0,0.5,2.65,0,0.3,15.95
1,08-02-17 9:08,08-02-17 9:59,1,11.8,1,N,138,161,1,42,0,0.5,9.65,5.54,0.3,57.99
1,08-02-17 9:08,08-02-17 9:25,1,4.8,1,N,164,88,1,18,0,0.5,3.75,0,0.3,22.55
2,08-02-17 9:08,08-02-17 9:19,1,1.94,1,N,234,231,1,9,0,0.5,2.94,0,0.3,12.74
2,08-02-17 9:08,08-02-17 9:30,1,3.25,1,N,229,151,1,16,0,0.5,3.2,0,0.3,20
2,08-02-17 9:08,08-02-17 9:21,1,1.07,1,N,100,162,2,9,0,0.5,0,0,0.3,9.8
2,08-02-17 9:08,08-02-17 9:57,1,12.91,1,N,112,127,1,44,0,0.5,8.96,0,0.3,53.76
2,08-02-17 9:08,08-02-17 9:12,1,0.43,1,N,141,236,1,4,0,0.5,0.96,0,0.3,5.76
2,08-02-17 9:08,08-02-17 9:49,1,16.46,2,N,165,165,1,52,0,0.5,13.2,0,0.3,66
1,08-02-17 9:08,08-02-17 9:14,1,0.5,1,N,237,236,2,5,0,0.5,0,0,0.3,5.8
1,08-02-17 9:08,08-02-17 9:13,1,0.8,1,N,236,237,1,5.5,0,0.5,1.25,0,0.3,7.55
1,08-02-17 9:08,08-02-17 9:11,1,0.5,1,N,238,238,1,4,0,0.5,1.2,0,0.3,6
1,08-02-17 9:08,08-02-17 9:22,1,1,1,Y,246,186,1,9.5,0,0.5,2.06,0,0.3,12.36
2,08-02-17 9:08,08-02-17 9:19,2,1.58,1,N,224,234,1,8.5,0,0.5,0,0,0.3,9.3
2,08-02-17 9:08,08-02-17 9:15,4,0.77,1,N,229,163,1,6,0,0.5,1,0,0.3,7.8
2,08-02-17 9:08,08-02-17 9:29,5,1.69,1,N,229,107,2,13.5,0,0.5,0,0,0.3,14.3
1,08-02-17 9:08,08-02-17 9:16,1,0.8,1,N,186,230,2,6.5,0,0.5,0,0,0.3,7.3
2,08-02-17 9:08,08-02-17 9:30,1,1.84,1,N,170,246,1,14,0,0.5,2,0,0.3,16.8
1,08-02-17 9:08,08-02-17 9:25,1,1.8,1,N,113,100,1,11.5,0,0.5,2.45,0,0.3,14.75
1,08-02-17 9:08,08-02-17 9:45,1,6.1,1,N,151,107,2,26.5,0,0.5,0,0,0.3,27.3
1,08-02-17 9:08,08-02-17 9:17,1,0.6,1,N,107,170,2,6.5,0,0.5,0,0,0.3,7.3
2,08-02-17 9:08,08-02-17 9:54,1,11.31,1,N,93,93,1,41.5,0,0.5,9.57,5.54,0.3,57.41
1,08-02-17 9:08,08-02-17 9:21,1,1.7,1,N,246,48,1,9.5,0,0.5,2.06,0,0.3,12.36
1,08-02-17 9:08,08-02-17 9:09,1,0.3,1,N,141,237,1,3,0,0.5,1.1,0,0.3,4.9
1,08-02-17 9:08,08-02-17 9:13,1,0.6,1,N,13,231,2,5,0,0.5,0,0,0.3,5.8
2,08-02-17 9:08,08-02-17 9:21,2,1.2,1,N,249,231,1,9,0,0.5,1.5,0,0.3,11.3
2,08-02-17 9:08,08-02-17 9:17,1,1.86,1,N,24,239,1,8.5,0,0.5,1,0,0.3,10.3
2,08-02-17 9:08,08-02-17 9:14,1,0.41,1,N,170,164,1,5.5,0,0.5,1.58,0,0.3,7.88
2,08-02-17 9:08,08-02-17 9:37,1,8.92,1,N,75,261,1,28.5,0,0.5,5.86,0,0.3,35.16
2,08-02-17 9:08,08-02-17 9:22,1,1.29,1,N,186,246,1,10,0,0.5,3.24,0,0.3,14.04
2,08-02-17 9:08,08-02-17 9:25,1,1.25,1,N,229,100,1,11,0,0.5,1.5,0,0.3,13.3
2,08-02-17 9:08,08-02-17 9:20,1,2.77,1,N,68,13,1,11.5,0,0.5,3.69,0,0.3,15.99
2,08-02-17 9:08,08-02-17 9:23,1,1.98,1,N,113,170,1,11,0,0.5,2.36,0,0.3,14.16
1,08-02-17 9:08,08-02-17 9:18,1,1.7,1,N,142,237,3,9,0,0.5,0,0,0.3,9.8
1,08-02-17 9:08,08-02-17 9:15,1,1.2,1,N,237,143,1,6.5,0,0.5,1.45,0,0.3,8.75
1,08-02-17 9:08,08-02-17 9:28,1,1.7,1,N,233,186,1,13,0,0.5,2.75,0,0.3,16.55
2,08-02-17 9:08,08-02-17 9:09,0,0,5,N,138,138,1,38.04,0,0.5,7.77,0,0.3,46.61
2,08-02-17 9:08,08-02-17 9:17,5,1.03,1,N,262,236,1,7,0,0.5,1.56,0,0.3,9.36
2,08-02-17 9:08,08-02-17 10:22,2,19.46,2,N,132,164,1,52,0,0.5,10.56,0,0.3,63.36
1,08-02-17 9:08,08-02-17 9:24,1,1.1,1,N,246,161,1,11,0,0.5,2.35,0,0.3,14.15
2,08-02-17 9:08,08-02-17 10:06,1,15.58,1,N,138,231,1,50.5,0,0.5,7,5.54,0.3,63.84
1,08-02-17 9:08,08-02-17 9:12,1,0.3,1,N,170,170,1,4,0,0.5,0,0,0.3,4.8
1,08-02-17 9:08,08-02-17 9:30,1,2.3,1,N,140,162,1,15,0,0.5,3.15,0,0.3,18.95
1,08-02-17 9:08,08-02-17 9:21,1,1.5,1,Y,236,162,2,9.5,0,0.5,0,0,0.3,10.3
1,08-02-17 9:08,08-02-17 9:34,1,3,1,N,238,162,1,17,0,0.5,1,0,0.3,18.8
2,08-02-17 9:08,08-02-17 9:33,6,1.52,1,N,229,170,1,15,0,0.5,2,0,0.3,17.8
2,08-02-17 9:08,08-02-17 9:27,3,3.28,1,N,90,231,2,15,0,0.5,0,0,0.3,15.8
2,08-02-17 9:08,08-02-17 9:14,1,0.71,1,N,142,50,1,5.5,0,0.5,1.89,0,0.3,8.19
1,08-02-17 9:08,08-02-17 10:06,1,10.9,1,N,138,114,1,40.5,0,0.5,9.35,5.54,0.3,56.19
1,08-02-17 9:08,08-02-17 9:41,1,10.4,1,N,74,65,1,32.5,0,0.5,6.65,0,0.3,39.95
2,08-02-17 9:08,08-02-17 9:11,5,0.55,1,N,263,263,1,4,0,0.5,1,0,0.3,5.8
2,08-02-17 9:08,08-02-17 9:12,1,0.65,1,N,107,137,1,4.5,0,0.5,1.06,0,0.3,6.36
1,08-02-17 9:08,08-02-17 9:26,2,2,1,N,249,230,1,12,0,0.5,2.55,0,0.3,15.35
1,08-02-17 9:08,08-02-17 9:29,1,4.6,1,N,262,234,1,17.5,0,0.5,3.66,0,0.3,21.96
1,08-02-17 9:08,08-02-17 9:13,1,0.6,1,N,90,234,1,5,0,0.5,1,0,0.3,6.8
1,08-02-17 9:08,08-02-17 9:31,1,2.5,1,N,43,164,1,15.5,0,0.5,4.05,0,0.3,20.35
2,08-02-17 9:08,08-02-17 9:15,1,0.98,1,N,239,236,1,7,0,0.5,1.56,0,0.3,9.36
2,08-02-17 9:08,08-02-17 9:31,1,1.7,1,N,142,161,2,14.5,0,0.5,0,0,0.3,15.3
1,08-02-17 9:08,08-02-17 9:25,1,1.9,1,N,107,249,1,11.5,0,0.5,2,0,0.3,14.3
1,08-02-17 9:08,08-02-17 9:20,1,1.3,1,N,237,161,1,8.5,0,0.5,2,0,0.3,11.3
1,08-02-17 9:08,08-02-17 9:21,1,0.9,1,N,237,161,1,8.5,0,0.5,1.85,0,0.3,11.15
1,08-02-17 9:08,08-02-17 9:16,1,0.8,1,N,90,234,2,6.5,0,0.5,0,0,0.3,7.3
1,08-02-17 9:08,08-02-17 9:29,1,5.5,1,N,75,79,1,19,0,0.5,3.95,0,0.3,23.75
2,08-02-17 9:08,08-02-17 9:22,1,1.97,1,N,263,163,1,10.5,0,0.5,2.82,0,0.3,14.12
2,08-02-17 9:08,08-02-17 9:25,1,1.24,1,N,48,100,1,11,0,0.5,2.36,0,0.3,14.16
2,08-02-17 9:08,08-02-17 9:16,2,0.7,1,N,234,68,1,6.5,0,0.5,1.46,0,0.3,8.76
2,08-02-17 9:08,08-02-17 9:18,1,1.37,1,N,13,88,1,8,0,0.5,2.64,0,0.3,11.44
1,08-02-17 9:08,08-02-17 9:18,1,1.2,1,N,236,162,1,8,0,0.5,1.75,0,0.3,10.55
1,08-02-17 9:08,08-02-17 9:12,1,0.4,1,N,90,68,2,4.5,0,0.5,0,0,0.3,5.3
2,08-02-17 9:08,08-02-17 9:23,1,2.04,1,N,239,230,1,11.5,0,0.5,2.46,0,0.3,14.76
2,08-02-17 9:08,08-02-17 9:15,1,0.82,1,N,114,79,1,6,0,0.5,1.36,0,0.3,8.16
2,08-02-17 9:08,08-02-17 9:33,1,2.72,1,N,162,249,1,16.5,0,0.5,3.46,0,0.3,20.76
1,08-02-17 9:09,08-02-17 9:31,1,2.1,1,N,158,48,2,14.5,0,0.5,0,0,0.3,15.3
2,08-02-17 9:09,08-02-17 9:23,5,1.18,1,N,48,164,1,10,0,0.5,2.16,0,0.3,12.96
2,08-02-17 9:09,08-02-17 9:14,1,0.72,1,N,125,231,2,5.5,0,0.5,0,0,0.3,6.3
2,08-02-17 9:09,08-02-17 9:13,1,0.52,1,N,161,161,1,5,0,0.5,1,0,0.3,6.8
2,08-02-17 9:09,08-02-17 9:29,1,1.35,1,N,141,170,2,13,0,0.5,0,0,0.3,13.8
1,08-02-17 9:09,08-02-17 9:11,1,0.5,1,N,141,236,1,3.5,0,0.5,0.85,0,0.3,5.15
1,08-02-17 9:09,08-02-17 9:18,1,0.9,1,N,229,161,1,7.5,0,0.5,1.65,0,0.3,9.95
1,08-02-17 9:09,08-02-17 9:21,1,1.1,1,N,186,170,1,8.5,0,0.5,1.85,0,0.3,11.15
1,08-02-17 9:09,08-02-17 9:31,1,2.2,1,N,113,162,1,15,0,0.5,3.15,0,0.3,18.95
1,08-02-17 9:09,08-02-17 9:27,1,1.4,1,N,239,263,2,12.5,0,0.5,0,0,0.3,13.3
2,08-02-17 9:09,08-02-17 9:13,2,1.06,1,N,24,166,2,5.5,0,0.5,0,0,0.3,6.3
2,08-02-17 9:09,08-02-17 9:16,1,0.76,1,N,229,161,1,6.5,0,0.5,1.46,0,0.3,8.76
2,08-02-17 9:09,08-02-17 9:21,2,1.6,1,N,246,234,1,9.5,0,0.5,2.06,0,0.3,12.36
1,08-02-17 9:09,08-02-17 9:14,1,0.4,1,N,236,236,1,5,0,0.5,0.5,0,0.3,6.3
1,08-02-17 9:09,08-02-17 9:17,1,1.6,1,N,24,152,1,8,0,0.5,1.75,0,0.3,10.55
1,08-02-17 9:09,08-02-17 9:42,2,4.2,1,N,143,113,1,21.5,0,0.5,4.45,0,0.3,26.75
2,08-02-17 9:09,08-02-17 9:19,1,2.25,1,N,238,43,2,9.5,0,0.5,0,0,0.3,10.3
2,08-02-17 9:09,08-02-17 9:42,1,5.26,1,N,230,231,2,24.5,0,0.5,0,0,0.3,25.3
2,08-02-17 9:09,08-02-17 9:28,1,3.71,1,N,13,48,2,16.5,0,0.5,0,0,0.3,17.3
1,08-02-17 9:09,08-02-17 9:22,1,1.2,1,N,233,234,1,9.5,0,0.5,2.05,0,0.3,12.35
2,08-02-17 9:09,08-02-17 9:37,1,3.58,1,N,246,231,2,16.5,0,0.5,0,0,0.3,17.3
1,08-02-17 9:09,08-02-17 9:12,1,0.4,1,N,158,158,1,4,0,0.5,0,0,0.3,4.8
1,08-02-17 9:09,08-02-17 9:13,1,0.5,1,N,140,140,2,4.5,0,0.5,0,0,0.3,5.3
1,08-02-17 9:09,08-02-17 9:18,1,1.3,1,N,48,246,1,8,0,0.5,2,0,0.3,10.8
1,08-02-17 9:09,08-02-17 9:17,1,1.7,1,N,48,239,1,8.5,0,0.5,1,0,0.3,10.3
1,08-02-17 9:09,08-02-17 9:17,1,4.3,1,N,50,166,1,14,0,0.5,1.5,0,0.3,16.3
2,08-02-17 9:09,08-02-17 9:16,1,1.96,1,N,260,146,2,8,0,0.5,0,0,0.3,8.8
1,08-02-17 9:09,08-02-17 9:17,1,1.1,1,N,164,113,1,7.5,0,0.5,1.65,0,0.3,9.95
1,08-02-17 9:09,08-02-17 9:12,1,0.7,1,N,262,140,1,5,0,0.5,1,0,0.3,6.8
1,08-02-17 9:09,08-02-17 9:22,1,0.9,1,N,162,170,1,9,0,0.5,2.45,0,0.3,12.25
1,08-02-17 9:09,08-02-17 9:25,1,2.2,1,N,230,90,1,11.5,0,0.5,2.45,0,0.3,14.75
1,08-02-17 9:09,08-02-17 9:18,1,2.6,1,N,263,74,1,10,0,0.5,2,0,0.3,12.8
1,08-02-17 9:09,08-02-17 9:24,1,2.7,1,N,263,239,1,12.5,0,0.5,2.65,0,0.3,15.95
1,08-02-17 9:09,08-02-17 9:27,1,2.1,1,N,146,140,1,12,0,0.5,2.55,0,0.3,15.35
2,08-02-17 9:09,08-02-17 9:36,2,2.58,1,N,236,230,1,17,0,0.5,2,0,0.3,19.8
2,08-02-17 9:09,08-02-17 9:29,2,2.3,1,N,239,100,2,14,0,0.5,0,0,0.3,14.8
2,08-02-17 9:09,08-02-17 9:53,1,3.05,1,N,186,141,2,25.5,0,0.5,0,0,0.3,26.3
2,08-02-17 9:09,08-02-17 9:20,1,0.63,1,N,170,233,1,8,0,0.5,1.76,0,0.3,10.56
2,08-02-17 9:09,08-02-17 9:13,1,0.53,1,N,246,246,2,4.5,0,0.5,0,0,0.3,5.3
2,08-02-17 9:09,08-02-17 9:16,1,0.83,1,N,186,68,2,6.5,0,0.5,0,0,0.3,7.3
1,08-02-17 9:09,08-02-17 9:19,1,4.1,1,N,137,209,1,13.5,0,0.5,2.85,0,0.3,17.15
1,08-02-17 9:09,08-02-17 9:15,2,0.8,1,N,239,239,1,6,0,0.5,1.55,0,0.3,8.35
2,08-02-17 9:09,08-02-17 9:17,1,1.25,1,N,163,161,2,6,0,0.5,0,0,0.3,6.8
1,08-02-17 9:09,08-02-17 9:20,1,4,1,N,233,87,1,14.5,0,0.5,2.7,0,0.3,18
1,08-02-17 9:09,08-02-17 9:22,1,1.3,1,N,162,186,1,9.5,0,0.5,2.06,0,0.3,12.36
2,08-02-17 9:09,08-02-17 9:17,2,0.99,1,N,239,142,2,7.5,0,0.5,0,0,0.3,8.3
2,08-02-17 9:09,08-02-17 9:38,1,8.45,1,N,158,112,1,29,0,0.5,8.94,0,0.3,38.74
2,08-02-17 9:09,08-02-17 9:20,5,1.13,1,N,237,161,1,8.5,0,0.5,1.86,0,0.3,11.16
2,08-02-17 9:09,08-02-17 9:37,4,2.39,1,N,107,163,1,17.5,0,0.5,3.66,0,0.3,21.96
1,08-02-17 9:09,08-02-17 10:07,1,15.1,1,N,138,125,1,49,0,0.5,6,5.54,0.3,61.34
1,08-02-17 9:09,08-02-17 9:11,2,0.4,1,N,263,236,1,3.5,0,0.5,0.85,0,0.3,5.15
1,08-02-17 9:09,08-02-17 9:35,1,3,1,N,211,162,2,17,0,0.5,0,0,0.3,17.8
2,08-02-17 9:09,08-02-17 9:12,6,1.16,1,N,239,238,1,5.5,0,0.5,0.75,0,0.3,7.05
1,08-02-17 9:09,08-02-17 9:29,1,1.1,1,N,170,164,1,12.5,0,0.5,3,0,0.3,16.3
2,08-02-17 9:09,08-02-17 9:30,5,3.65,1,N,263,170,2,16,0,0.5,0,0,0.3,16.8
2,08-02-17 9:09,08-02-17 9:27,1,3.4,1,N,262,233,2,14.5,0,0.5,0,0,0.3,15.3
2,08-02-17 9:09,08-02-17 9:38,1,4.64,1,N,181,87,1,21,0,0.5,6.54,0,0.3,28.34
2,08-02-17 9:09,08-02-17 9:24,1,1.58,1,N,263,141,1,11,0,0.5,2.2,0,0.3,14
2,08-02-17 9:09,08-02-17 9:36,1,3.83,1,N,260,162,2,19.5,0,0.5,0,0,0.3,20.3
2,08-02-17 9:09,08-02-17 9:24,1,1.68,1,N,100,90,2,11,0,0.5,0,0,0.3,11.8
2,08-02-17 9:09,08-02-17 9:20,1,1.1,1,N,164,161,2,8.5,0,0.5,0,0,0.3,9.3
2,08-02-17 9:09,08-02-17 9:19,2,2.01,1,N,142,246,1,9.5,0,0.5,0,0,0.3,10.3
1,08-02-17 9:09,08-02-17 9:30,1,2,1,N,79,164,2,14,0,0.5,0,0,0.3,14.8
2,08-02-17 9:09,08-02-17 9:28,2,1.96,1,N,74,74,1,13.5,0,0.5,2.86,0,0.3,17.16
2,08-02-17 9:09,08-02-17 9:23,1,7.44,1,N,141,65,2,22,0,0.5,0,0,0.3,22.8
2,08-02-17 9:09,08-02-17 9:36,5,7.72,1,N,236,88,1,27.5,0,0.5,5.66,0,0.3,33.96
2,08-02-17 9:09,08-02-17 9:13,2,0.84,1,N,237,236,1,5,0,0.5,1.16,0,0.3,6.96
2,08-02-17 9:09,08-02-17 9:19,1,1.28,1,N,43,162,1,8.5,0,0.5,1.86,0,0.3,11.16
1,08-02-17 9:09,08-02-17 9:31,1,3.6,1,N,238,246,1,16.5,0,0.5,3.45,0,0.3,20.75
2,08-02-17 9:09,08-02-17 9:30,6,2.69,1,N,186,237,1,14.5,0,0.5,3.82,0,0.3,19.12
2,08-02-17 9:09,08-02-17 9:30,1,2.42,1,N,239,100,1,14.5,0,0.5,3.06,0,0.3,18.36
2,08-02-17 9:09,08-02-17 9:22,1,1.46,1,N,170,68,1,10,0,0.5,2.16,0,0.3,12.96
1,08-02-17 9:09,08-02-17 9:41,1,3.2,1,N,158,237,1,19.5,0,0.5,2,0,0.3,22.3
1,08-02-17 9:09,08-02-17 9:17,1,0.9,1,N,170,237,1,6.5,0,0.5,1.45,0,0.3,8.75
1,08-02-17 9:09,08-02-17 9:17,1,0.9,1,N,237,162,2,6.5,0,0.5,0,0,0.3,7.3
1,08-02-17 9:09,08-02-17 9:17,1,1,1,N,43,100,1,7.5,0,0.5,1.65,0,0.3,9.95
2,08-02-17 9:09,08-02-17 9:14,1,0.74,1,N,229,233,2,5.5,0,0.5,0,0,0.3,6.3
1,08-02-17 9:09,08-02-17 9:47,4,21.4,2,N,13,132,2,52,0,0.5,0,0,0.3,52.8
2,08-02-17 9:09,08-02-17 9:25,1,1.71,1,N,162,234,1,11.5,0,0.5,2.46,0,0.3,14.76
1,08-02-17 9:09,08-02-17 9:19,1,1.5,1,N,13,125,1,9,0,0.5,1.95,0,0.3,11.75
1,08-02-17 9:09,08-02-17 9:12,1,0.4,1,N,141,262,1,4,0,0.5,0.96,0,0.3,5.76
2,08-02-17 9:09,08-02-17 9:21,1,1.78,1,N,43,161,1,10,0,0.5,2.16,0,0.3,12.96
2,08-02-17 9:09,08-02-17 9:25,5,2.62,1,N,24,236,2,13,0,0.5,0,0,0.3,13.8
1,08-02-17 9:09,08-02-17 9:13,1,0.7,1,N,237,141,1,4.5,0,0.5,1.05,0,0.3,6.35
1,08-02-17 9:09,08-02-17 9:21,1,1.6,1,N,234,249,2,9.5,0,0.5,0,0,0.3,10.3
1,08-02-17 9:09,08-02-17 9:23,1,0.6,1,N,161,100,2,9.5,0,0.5,0,0,0.3,10.3
2,08-02-17 9:09,08-02-17 9:13,1,1.01,1,N,226,226,2,5,0,0.5,0,0,0.3,5.8
2,08-02-17 9:09,08-02-17 9:24,2,1.51,1,N,140,163,1,10.5,0,0.5,2.26,0,0.3,13.56
2,08-02-17 9:09,08-02-17 9:21,1,3.46,1,N,138,179,1,12.5,0,0.5,3.99,0,0.3,17.29
2,08-02-17 9:09,08-02-17 9:14,2,0.9,1,N,239,238,1,5.5,0,0.5,1.26,0,0.3,9.51
2,08-02-17 9:09,08-02-17 9:12,1,0.46,1,N,237,162,2,4,0,0.5,0,0,0.3,4.8
1,08-02-17 9:09,08-02-17 9:16,1,0.7,1,N,90,246,1,6.5,0,0.5,1,0,0.3,8.3
1,08-02-17 9:09,08-02-17 10:13,5,20.7,2,N,132,88,1,52,0,0.5,17.5,5.54,0.3,75.84
1,08-02-17 9:09,08-02-17 9:18,1,1.9,1,N,162,236,1,8.5,0,0.5,2.3,0,0.3,11.6
2,08-02-17 9:09,08-02-17 9:26,5,2.25,1,N,236,162,2,12.5,0,0.5,0,0,0.3,13.3
2,08-02-17 9:09,08-02-17 9:15,1,0.96,1,N,249,113,1,6.5,0,0.5,2.19,0,0.3,9.49
2,08-02-17 9:09,08-02-17 9:15,5,0.76,1,N,50,48,1,6,0,0.5,2,0,0.3,8.8
2,08-02-17 9:09,08-02-17 9:20,2,1.34,1,N,262,43,2,8,0,0.5,0,0,0.3,8.8
2,08-02-17 9:09,08-02-17 9:16,3,1.63,1,N,238,75,2,7.5,0,0.5,0,0,0.3,8.3
2,08-02-17 9:09,08-02-17 9:20,1,0.85,1,N,229,161,1,8.5,0,0.5,1.5,0,0.3,10.8
2,08-02-17 9:09,08-02-17 9:30,2,1.75,1,N,141,161,2,13.5,0,0.5,0,0,0.3,14.3
2,08-02-17 9:09,08-02-17 9:26,1,2.04,1,N,186,107,2,12,0,0.5,0,0,0.3,12.8
1,08-02-17 9:09,08-02-17 9:27,1,2.3,1,N,236,161,2,13,0,0.5,0,0,0.3,13.8
1,08-02-17 9:09,08-02-17 9:13,1,0.6,1,N,140,237,1,5,0,0.5,1.15,0,0.3,6.95
1,08-02-17 9:09,08-02-17 9:37,1,3.5,1,N,246,114,1,19.5,0,0.5,5,0,0.3,25.3
2,08-02-17 9:09,08-02-17 9:15,1,1.05,1,N,141,233,1,6,0,0.5,1.2,0,0.3,8
2,08-02-17 9:09,08-02-17 9:15,1,0.88,1,N,142,230,2,6,0,0.5,0,0,0.3,6.8
2,08-02-17 9:09,08-02-17 9:26,2,2.59,1,N,239,140,1,12.5,0,0.5,1.5,0,0.3,14.8
2,08-02-17 9:09,08-02-17 9:41,4,6.82,1,N,13,161,2,27,0,0.5,0,0,0.3,27.8
1,08-02-17 9:09,08-02-17 9:15,1,0.7,1,N,246,68,2,5.5,0,0.5,0,0,0.3,6.3
1,08-02-17 9:09,08-02-17 9:21,1,1.8,1,N,239,161,2,10,0,0.5,0,0,0.3,10.8
1,08-02-17 9:09,08-02-17 9:20,1,2.4,1,N,163,236,1,9.5,0,0.5,2.05,0,0.3,12.35
2,08-02-17 9:09,08-02-17 9:14,2,0.75,1,N,142,143,2,5.5,0,0.5,0,0,0.3,6.3
1,08-02-17 9:09,08-02-17 9:30,1,2.8,1,N,249,50,1,15,0,0.5,3.15,0,0.3,18.95
1,08-02-17 9:09,08-02-17 9:20,1,1.3,1,N,264,264,1,8.5,0,0.5,2.3,0,0.3,11.6
1,08-02-17 9:09,08-02-17 9:27,1,1.8,1,N,142,162,1,12.5,0,0.5,1.5,0,0.3,14.8
1,08-02-17 9:09,08-02-17 9:29,1,2.9,1,N,50,237,1,14.5,0,0.5,3.05,0,0.3,18.35
1,08-02-17 9:09,08-02-17 9:16,1,1.4,1,N,186,50,1,7.5,0,0.5,1.65,0,0.3,9.95
2,08-02-17 9:09,08-02-17 9:24,1,1.53,1,N,234,246,1,11,0,0.5,1,0,0.3,12.8
2,08-02-17 9:09,08-02-17 9:14,6,0.98,1,N,48,142,1,5.5,0,0.5,1.89,0,0.3,8.19
1,08-02-17 9:09,08-02-17 9:18,1,1.1,1,N,231,125,1,7.5,0,0.5,1.65,0,0.3,9.95
2,08-02-17 9:09,08-02-17 9:15,1,1.15,1,N,100,48,1,6.5,0,0.5,2.19,0,0.3,9.49
2,08-02-17 9:09,08-02-17 9:14,4,0.52,1,N,90,107,2,5,0,0.5,0,0,0.3,5.8
1,08-02-17 9:09,08-02-17 9:21,1,1,1,N,164,230,2,8.5,0,0.5,0,0,0.3,9.3
1,08-02-17 9:09,08-02-17 9:39,1,2,1,N,233,43,1,18.5,0,0.5,4.8,0,0.3,24.1
1,08-02-17 9:09,08-02-17 9:21,1,1.6,1,N,237,236,2,10,0,0.5,0,0,0.3,10.8
2,08-02-17 9:09,08-02-17 10:04,6,8.99,1,N,138,162,1,37,0,0.5,8.67,5.54,0.3,52.01
2,08-02-17 9:09,08-02-17 9:22,5,2.04,1,N,238,163,1,11,0,0.5,2.95,0,0.3,14.75
2,08-02-17 9:09,08-02-17 9:37,1,2.08,1,N,186,229,1,17,0,0.5,0,0,0.3,17.8
2,08-02-17 9:09,08-02-17 9:16,1,0.57,1,N,162,170,1,6,0,0.5,1.7,0,0.3,8.5
1,08-02-17 9:09,08-02-17 9:11,1,0.5,1,N,141,263,1,3.5,0,0.5,0.5,0,0.3,4.8
2,08-02-17 9:09,08-02-17 9:25,1,0.8,1,N,45,231,1,10.5,0,0.5,1,0,0.3,12.3
1,08-02-17 9:09,08-02-17 9:16,1,1.1,1,N,151,166,1,7,0,0.5,1.95,0,0.3,9.75
1,08-02-17 9:09,08-02-17 9:23,2,1.4,1,N,236,237,1,10,0,0.5,2.15,0,0.3,12.95
1,08-02-17 9:09,08-02-17 9:18,1,1.3,1,N,48,246,1,8,0,0.5,2.2,0,0.3,11
2,08-02-17 9:09,08-02-17 9:39,1,3.91,1,N,146,164,1,19.5,0,0.5,4.06,0,0.3,24.36
2,08-02-17 9:09,08-02-17 9:26,1,1.41,1,N,186,164,1,11,0,0.5,2.36,0,0.3,14.16
2,08-02-17 9:09,08-02-17 9:22,2,1.57,1,N,113,186,2,9.5,0,0.5,0,0,0.3,10.3
2,08-02-17 9:09,08-02-17 9:28,1,1.58,1,N,229,230,1,12.5,0,0.5,2.5,0,0.3,15.8
2,08-02-17 9:09,08-02-17 9:14,1,0.38,1,N,161,230,1,5,0,0.5,0,0,0.3,5.8
1,08-02-17 9:09,08-02-17 9:18,1,1.6,1,N,161,142,1,8.5,0,0.5,1.86,0,0.3,11.16
1,08-02-17 9:09,08-02-17 9:23,1,2.3,1,N,142,263,1,11.5,0,0.5,2.45,0,0.3,14.75
2,08-02-17 9:09,08-02-17 9:23,1,3.44,1,N,246,13,1,13.5,0,0.5,1,0,0.3,15.3
1,08-02-17 9:09,08-02-17 9:12,1,0.6,1,Y,263,237,2,4,0,0.5,0,0,0.3,4.8
1,08-02-17 9:09,08-02-17 9:42,1,9.1,1,N,164,138,1,32.5,0,0.5,7.75,5.54,0.3,46.59
1,08-02-17 9:09,08-02-17 9:15,1,0.7,1,N,50,246,1,5.5,0,0.5,1.25,0,0.3,7.55
1,08-02-17 9:09,08-02-17 9:23,1,1.4,1,N,141,161,2,10,0,0.5,0,0,0.3,10.8
1,08-02-17 9:09,08-02-17 9:21,1,1,1,N,186,234,2,8.5,0,0.5,0,0,0.3,9.3
1,08-02-17 9:09,08-02-17 9:26,1,1.9,1,N,186,158,2,11.5,0,0.5,0,0,0.3,12.3
1,08-02-17 9:09,08-02-17 9:19,1,1.5,1,N,263,229,1,8.5,0,0.5,1,0,0.3,10.3
1,08-02-17 9:09,08-02-17 9:14,1,1.2,1,N,237,236,1,6,0,0.5,1.35,0,0.3,8.15
2,08-02-17 9:09,08-02-17 9:12,6,0.77,1,N,68,68,1,4.5,0,0.5,1.06,0,0.3,6.36
2,08-02-17 9:09,08-02-17 9:23,3,1.61,1,N,100,246,1,10,0,0.5,1,0,0.3,11.8
2,08-02-17 9:09,08-02-17 9:24,1,2.04,1,N,164,143,2,12.5,0,0.5,0,0,0.3,13.3
1,08-02-17 9:09,08-02-17 9:15,1,0.5,1,N,162,164,1,5.5,0,0.5,1.55,0,0.3,7.85
2,08-02-17 9:09,08-02-17 9:24,6,2.53,1,N,237,48,2,12.5,0,0.5,0,0,0.3,13.3
2,08-02-17 9:09,08-02-17 9:47,6,6.52,1,N,234,166,1,28.5,0,0.5,5.86,0,0.3,35.16
2,08-02-17 9:09,08-02-17 9:13,2,1.01,1,N,7,193,2,5.5,0,0.5,0,0,0.3,6.3
1,08-02-17 9:09,08-02-17 9:48,2,5.2,1,N,144,143,2,26,0,0.5,0,0,0.3,26.8
1,08-02-17 9:09,08-02-17 9:34,1,2.4,1,N,113,163,1,16,0,0.5,3.35,0,0.3,20.15
2,08-02-17 9:09,08-02-17 9:19,5,0.83,1,N,68,246,2,8,0,0.5,0,0,0.3,8.8
2,08-02-17 9:09,08-02-17 9:24,1,2.02,1,N,113,161,1,11,0,0.5,2.36,0,0.3,14.16
2,08-02-17 9:09,08-02-17 9:30,3,6.39,1,N,13,161,1,21.5,0,0.5,0,0,0.3,22.3
2,08-02-17 9:09,08-02-17 9:15,5,0.84,1,N,236,237,1,6,0,0.5,1.36,0,0.3,8.16
2,08-02-17 9:09,08-02-17 9:13,2,0.53,1,N,137,170,1,4.5,0,0.5,2,0,0.3,7.3
1,08-02-17 9:09,08-02-17 9:15,1,0.8,1,N,236,236,1,5.5,0,0.5,2,0,0.3,8.3
1,08-02-17 9:09,08-02-17 9:16,1,1.2,1,N,50,143,2,6.5,0,0.5,0,0,0.3,7.3
1,08-02-17 9:09,08-02-17 9:22,1,1.2,1,N,164,233,1,9.5,0,0.5,2.55,0,0.3,12.85
2,08-02-17 9:09,08-02-17 9:11,1,0.42,1,N,237,236,1,3.5,0,0.5,1.29,0,0.3,5.59
2,08-02-17 9:09,08-02-17 9:19,1,1.09,1,N,143,163,1,7.5,0,0.5,1.66,0,0.3,9.96
2,08-02-17 9:09,08-02-17 9:18,1,1,1,N,233,137,1,7,0,0.5,1.56,0,0.3,9.36
2,08-02-17 9:09,08-02-17 9:21,1,4.05,1,N,143,166,2,14.5,0,0.5,0,0,0.3,15.3
2,08-02-17 9:09,08-02-17 10:01,6,4.75,1,N,87,163,2,30.5,0,0.5,0,0,0.3,31.3
2,08-02-17 9:09,08-02-17 9:17,1,0.99,1,N,164,90,2,7,0,0.5,0,0,0.3,7.8
2,08-02-17 9:09,08-02-17 9:20,1,1.14,1,N,143,50,1,8.5,0,0.5,1.86,0,0.3,11.16
1,08-02-17 9:09,08-02-17 9:29,1,2.7,1,N,236,170,2,14.5,0,0.5,0,0,0.3,15.3
1,08-02-17 9:09,08-02-17 9:25,1,2.8,1,N,236,230,1,13,0,0.5,2.75,0,0.3,16.55
1,08-02-17 9:09,08-02-17 9:19,2,1.6,1,N,141,142,1,8.5,0,0.5,1.85,0,0.3,11.15
1,08-02-17 9:09,08-02-17 9:18,1,1,1,N,137,234,1,7.5,0,0.5,1,0,0.3,9.3
1,08-02-17 9:09,08-02-17 9:22,1,2,1,N,238,75,2,10.5,0,0.5,0,0,0.3,11.3
1,08-02-17 9:09,08-02-17 9:45,1,13.7,2,N,162,132,1,52,0,0.5,7.8,0,0.3,60.6
1,08-02-17 9:09,08-02-17 9:18,1,0.7,1,N,230,162,1,7,0,0.5,1.55,0,0.3,9.35
2,08-02-17 9:09,08-02-17 9:15,1,0.42,1,N,162,162,1,5.5,0,0.5,1.58,0,0.3,7.88
2,08-02-17 9:09,08-02-17 9:22,1,1.08,1,N,48,246,1,9.5,0,0.5,2.06,0,0.3,12.36
2,08-02-17 9:09,08-02-17 9:44,6,19.34,2,N,263,132,1,52,0,0.5,8,5.54,0.3,66.34
2,08-02-17 9:09,08-02-17 9:25,1,1.47,1,N,162,186,1,11,0,0.5,1.18,0,0.3,12.98
2,08-02-17 9:09,08-02-17 9:20,1,0.95,1,N,229,162,2,8,0,0.5,0,0,0.3,8.8
1,08-02-17 9:09,08-02-17 9:17,1,0.9,1,N,186,170,1,7,0,0.5,1.55,0,0.3,9.35
1,08-02-17 9:09,08-02-17 9:19,1,1.6,1,N,238,236,1,9,0,0.5,1,0,0.3,10.8
2,08-02-17 9:09,08-02-17 9:18,1,0.84,1,N,236,140,2,7,0,0.5,0,0,0.3,7.8
2,08-02-17 9:09,08-02-17 9:16,4,0.71,1,N,90,234,2,6,0,0.5,0,0,0.3,6.8
1,08-02-17 9:09,08-02-17 9:15,1,0.5,1,N,141,229,2,5.5,0,0.5,0,0,0.3,6.3
2,08-02-17 9:09,08-02-17 9:17,2,2.25,1,N,262,229,1,9,0,0.5,1,0,0.3,10.8
2,08-02-17 9:09,08-02-17 9:13,1,0.35,1,N,164,164,2,4.5,0,0.5,0,0,0.3,5.3
2,08-02-17 9:09,08-02-17 9:16,1,1.18,1,N,68,249,1,6.5,0,0.5,1,0,0.3,8.3
1,08-02-17 9:09,08-02-17 9:30,1,1.4,1,N,140,142,1,13.5,0,0.5,2.85,0,0.3,17.15
1,08-02-17 9:09,08-02-17 9:20,1,2,1,N,239,166,1,9.5,0,0.5,2.05,0,0.3,12.35
1,08-02-17 9:09,08-02-17 9:17,1,1.2,1,N,113,170,2,7.5,0,0.5,0,0,0.3,8.3
1,08-02-17 9:09,08-02-17 9:19,1,1.2,1,N,163,164,1,8,0,0.5,1.75,0,0.3,10.55
1,08-02-17 9:09,08-02-17 9:24,1,1.5,1,N,186,161,1,10.5,0,0.5,2.25,0,0.3,13.55
2,08-02-17 9:09,08-02-17 10:14,1,10.27,1,N,138,90,1,43,0,0.5,12.34,5.54,0.3,61.68
2,08-02-17 9:09,08-02-17 9:28,1,5.93,1,N,229,209,1,20.5,0,0.5,4.26,0,0.3,25.56
2,08-02-17 9:09,08-02-17 9:35,3,2.05,1,N,237,170,1,16,0,0.5,1,0,0.3,17.8
1,08-02-17 9:09,08-02-17 9:16,1,0.6,1,N,161,229,1,6,0,0.5,1,0,0.3,7.8
1,08-02-17 9:09,08-02-17 9:13,1,0.4,1,N,164,164,1,4,0,0.5,0.95,0,0.3,5.75
1,08-02-17 9:09,08-02-17 9:26,1,1.3,1,N,161,137,1,11,0,0.5,1,0,0.3,12.8
1,08-02-17 9:09,08-02-17 9:17,1,0.7,1,N,186,230,1,7,0,0.5,1.55,0,0.3,9.35
2,08-02-17 9:09,08-02-17 9:19,1,1,1,N,233,164,1,8,0,0.5,1.32,0,0.3,10.12
2,08-02-17 9:09,08-02-17 9:36,5,3.23,1,N,68,143,1,18,0,0.5,3.76,0,0.3,22.56
1,08-02-17 9:09,08-02-17 9:28,1,2,1,N,142,140,1,13,0,0.5,2.75,0,0.3,16.55
2,08-02-17 9:09,08-02-17 9:17,2,0.75,1,N,90,246,1,6.5,0,0.5,1.46,0,0.3,8.76
1,08-02-17 9:09,08-02-17 9:22,1,2,1,N,264,231,1,10,0,0.5,2,0,0.3,12.8
1,08-02-17 9:09,08-02-17 9:22,1,1.4,1,N,234,161,1,10,0,0.5,2,0,0.3,12.8
1,08-02-17 9:09,08-02-17 9:15,1,0.4,1,N,261,209,2,5,0,0.5,0,0,0.3,5.8
1,08-02-17 9:09,08-02-17 9:13,1,0.5,1,N,141,140,2,4.5,0,0.5,0,0,0.3,5.3
2,08-02-17 9:09,08-02-17 9:26,1,2.39,1,N,239,140,2,12.5,0,0.5,0,0,0.3,13.3
2,08-02-17 9:09,08-02-17 9:22,2,1.86,1,N,234,231,1,10,0,0.5,2.16,0,0.3,12.96
1,08-02-17 9:09,08-02-17 10:23,1,15.4,1,N,48,76,2,58,0,0.5,0,0,0.3,58.8
1,08-02-17 9:09,08-02-17 9:18,3,0.4,1,N,237,237,2,6.5,0,0.5,0,0,0.3,7.3
1,08-02-17 9:09,08-02-17 9:21,1,0.8,1,N,234,68,1,8.5,0,0.5,1.85,0,0.3,11.15
2,08-02-17 9:09,08-02-17 9:37,1,3.82,1,N,230,231,2,19,0,0.5,0,0,0.3,19.8
2,08-02-17 9:09,08-02-17 9:12,1,0.74,1,N,95,95,2,4.5,0,0.5,0,0,0.3,5.3
2,08-02-17 9:09,08-02-17 9:38,2,2.45,1,N,90,162,2,17.5,0,0.5,0,0,0.3,18.3
2,08-02-17 9:09,08-02-17 9:15,3,0.71,1,N,264,264,1,5.5,0,0.5,1.26,0,0.3,7.56
2,08-02-17 9:09,08-02-17 9:20,2,1.44,1,N,68,234,1,9,0,0.5,2.45,0,0.3,12.25
1,08-02-17 9:09,08-02-17 9:24,1,1.4,1,N,162,237,1,10.5,0,0.5,1.75,0,0.3,13.05
1,08-02-17 9:09,08-02-17 9:18,1,1.3,1,N,7,7,2,8,0,0.5,0,0,0.3,8.8
1,08-02-17 9:09,08-02-17 9:21,1,0.8,1,N,161,237,1,8.5,0,0.5,1.85,0,0.3,11.15
2,08-02-17 9:09,08-02-17 9:21,6,1.66,1,N,170,113,2,9,0,0.5,0,0,0.3,9.8
2,08-02-17 9:09,08-02-17 9:36,1,6.69,1,N,161,87,1,25,0,0.5,2,0,0.3,27.8
2,08-02-17 9:09,08-02-17 9:23,1,1.66,1,N,161,246,1,10,0,0.5,2,0,0.3,12.8
2,08-02-17 9:09,08-02-17 9:19,1,1.15,1,N,161,234,2,7.5,0,0.5,0,0,0.3,8.3
1,08-02-17 9:09,08-02-17 9:23,1,1.2,1,N,100,163,1,10,0,0.5,2.15,0,0.3,12.95
1,08-02-17 9:09,08-02-17 9:12,1,0.4,1,N,237,236,1,3.5,0,0.5,0.5,0,0.3,4.8
1,08-02-17 9:09,08-02-17 9:23,1,2.1,1,N,237,239,2,11,0,0.5,0,0,0.3,11.8
2,08-02-17 9:09,08-02-17 9:22,3,1.78,1,N,79,231,1,10,0,0.5,1.2,0,0.3,12
1,08-02-17 9:09,08-02-17 9:28,1,2,1,N,140,162,1,13.5,0,0.5,2.86,0,0.3,17.16
1,08-02-17 9:09,08-02-17 9:14,1,0.3,1,N,237,236,3,4.5,0,0.5,0,0,0.3,5.3
2,08-02-17 9:09,08-02-17 9:39,5,6.75,1,N,236,211,1,26,0,0.5,6.7,0,0.3,33.5
2,08-02-17 9:09,08-02-17 9:15,1,0.74,1,N,48,246,1,5.5,0,0.5,1,0,0.3,7.3
2,08-02-17 9:09,08-02-17 9:20,1,1.44,1,N,230,246,1,8,0,0.5,1.76,0,0.3,10.56
2,08-02-17 9:09,08-02-17 9:20,1,0.87,1,N,142,230,1,8,0,0.5,1.76,0,0.3,10.56
1,08-02-17 9:09,08-02-17 10:10,1,17.9,2,N,132,230,1,52,0,0.5,11.67,5.54,0.3,70.01
1,08-02-17 9:09,08-02-17 9:24,1,1.2,1,N,234,162,1,10,0,0.5,3.2,0,0.3,14
2,08-02-17 9:09,08-02-17 9:29,1,5.01,1,N,138,146,1,18,0,0.5,3.76,0,0.3,22.56
2,08-02-17 9:09,08-02-17 9:32,1,3.21,1,N,186,261,1,16.5,0,0.5,4.32,0,0.3,21.62
2,08-02-17 9:09,08-02-17 9:30,1,5.17,1,N,95,53,2,19,0,0.5,0,0,0.3,19.8
2,08-02-17 9:09,08-02-17 9:12,1,0.44,1,N,43,43,1,4,0,0.5,0.96,0,0.3,5.76
1,08-02-17 9:09,08-02-17 9:14,1,0.6,1,N,48,230,1,5,0,0.5,1.7,0,0.3,7.5
2,08-02-17 9:09,08-02-17 9:18,1,1.31,1,N,231,114,1,7.5,0,0.5,1.66,0,0.3,9.96
1,08-02-17 9:09,08-02-17 9:23,1,1,1,N,246,186,2,9,0,0.5,0,0,0.3,9.8
1,08-02-17 9:09,08-02-17 9:26,1,2.9,1,N,229,75,1,13,0,0.5,2.75,0,0.3,16.55
2,08-02-17 9:09,08-02-17 9:18,6,1.74,1,N,43,236,1,8,0,0.5,1.76,0,0.3,10.56
2,08-02-17 9:09,08-02-17 9:21,2,2,1,N,234,144,1,10,0,0.5,1,0,0.3,11.8
1,08-02-17 9:09,08-02-17 9:14,1,0.8,1,N,140,263,1,5.5,0,0.5,1.25,0,0.3,7.55
1,08-02-17 9:09,08-02-17 9:44,1,2.1,1,N,186,163,2,20,0,0.5,0,0,0.3,20.8
2,08-02-17 9:09,08-02-17 9:15,1,0.53,1,N,229,162,2,5,0,0.5,0,0,0.3,5.8
2,08-02-17 9:09,08-02-17 9:50,1,15.17,2,N,162,132,2,52,0,0.5,0,5.54,0.3,58.34
2,08-02-17 9:09,08-02-17 9:12,1,0.64,1,N,114,113,2,4,0,0.5,0,0,0.3,4.8
2,08-02-17 9:09,08-02-17 9:28,1,2.81,1,N,236,186,1,14,0,0.5,3.7,0,0.3,18.5
2,08-02-17 9:09,08-02-17 9:43,5,2.78,1,N,140,186,1,20,0,0.5,3.12,0,0.3,23.92
1,08-02-17 9:09,08-02-17 9:15,1,0.7,1,N,163,161,2,5.5,0,0.5,0,0,0.3,6.3
2,08-02-17 9:09,08-02-17 9:24,1,1.27,1,N,170,246,1,10,0,0.5,2.16,0,0.3,12.96
2,08-02-17 9:09,08-02-17 9:14,1,0.74,1,N,229,233,1,5,0,0.5,1,0,0.3,6.8
1,08-02-17 9:09,08-02-17 9:39,1,3.3,1,N,239,164,1,19,0,0.5,3.95,0,0.3,23.75
1,08-02-17 9:09,08-02-17 9:21,1,1.9,1,N,141,233,2,10,0,0.5,0,0,0.3,10.8
1,08-02-17 9:09,08-02-17 9:20,1,0.6,1,N,233,162,1,8,0,0.5,1,0,0.3,9.8
1,08-02-17 9:09,08-02-17 9:19,1,2,1,N,246,231,1,9.5,0,0.5,1.55,0,0.3,11.85
2,08-02-17 9:09,08-02-17 9:16,2,0.8,1,N,236,236,2,6,0,0.5,0,0,0.3,6.8
2,08-02-17 9:09,09-02-17 9:00,2,2.87,1,N,100,140,1,15.5,0,0.5,4.89,0,0.3,21.19
1,08-02-17 9:09,08-02-17 9:23,1,4.3,1,N,239,42,3,15,0,0.5,0,0,0.3,15.8
1,08-02-17 9:09,08-02-17 9:13,1,0.6,1,N,263,141,1,4.5,0,0.5,1.05,0,0.3,6.35
2,08-02-17 9:09,08-02-17 9:16,5,1.02,1,N,263,75,1,6.5,0,0.5,1.46,0,0.3,8.76
2,08-02-17 9:09,08-02-17 9:46,1,5.28,1,N,166,234,1,25,0,0.5,4,0,0.3,29.8
2,08-02-17 9:09,08-02-17 9:14,6,0.79,1,N,234,68,1,5.5,0,0.5,1.26,0,0.3,7.56
1,08-02-17 9:09,08-02-17 9:22,1,1.4,1,N,186,163,2,9.5,0,0.5,0,0,0.3,10.3
1,08-02-17 9:09,08-02-17 9:35,1,3.2,1,N,239,100,1,17,0,0.5,3.55,0,0.3,21.35
1,08-02-17 9:09,08-02-17 9:20,1,1.4,1,N,237,161,1,8.5,0,0.5,1.85,0,0.3,11.15
1,08-02-17 9:09,08-02-17 9:17,1,2.3,1,N,148,255,1,9.5,0,0.5,1,0,0.3,11.3
1,08-02-17 9:09,08-02-17 9:36,1,6.4,1,N,162,13,1,24.5,0,0.5,5.05,0,0.3,30.35
2,08-02-17 9:09,08-02-17 9:16,4,0.63,1,N,230,100,1,6,0,0.5,2.04,0,0.3,8.84
2,08-02-17 9:09,08-02-17 9:14,1,0.61,1,N,230,163,2,5,0,0.5,0,0,0.3,5.8
1,08-02-17 9:09,08-02-17 9:20,1,2,1,N,246,125,1,9.5,0,0.5,2.06,0,0.3,12.36
1,08-02-17 9:09,08-02-17 9:37,1,11.9,1,N,261,138,2,34.5,0,0.5,0,0,0.3,35.3
1,08-02-17 9:09,08-02-17 10:08,1,10,1,N,138,68,1,41,0,0.5,9.45,5.54,0.3,56.79
2,08-02-17 9:09,08-02-17 9:14,5,0.65,1,N,4,148,2,5,0,0.5,0,0,0.3,5.8
2,08-02-17 9:09,08-02-17 9:33,1,2.06,1,N,237,100,1,15,0,0.5,1,0,0.3,16.8
1,08-02-17 9:09,08-02-17 9:30,1,1.2,1,N,68,164,1,13,0,0.5,1.2,0,0.3,15
2,08-02-17 9:09,08-02-17 9:30,1,2.89,1,N,164,236,2,15,0,0.5,0,0,0.3,15.8
2,08-02-17 9:09,08-02-17 9:12,1,0.4,1,N,234,90,2,4,0,0.5,0,0,0.3,4.8
1,08-02-17 9:09,08-02-17 9:21,1,0.9,1,N,161,100,1,8.5,0,0.5,2.3,0,0.3,11.6
1,08-02-17 9:09,08-02-17 9:28,1,5.3,1,N,162,88,1,19,0,0.5,3,0,0.3,22.8
1,08-02-17 9:09,08-02-17 9:21,1,1.1,1,N,224,234,2,9,0,0.5,0,0,0.3,9.8
2,08-02-17 9:09,08-02-17 9:33,4,2.58,1,N,24,262,1,16.5,0,0.5,2.58,0,0.3,19.88
2,08-02-17 9:09,08-02-17 9:18,1,1.26,1,N,144,4,1,7,0,0.5,1.56,0,0.3,9.36
1,08-02-17 9:09,08-02-17 9:19,1,1.3,1,N,161,234,1,8,0,0.5,1,0,0.3,9.8
1,08-02-17 9:09,08-02-17 9:30,1,3.7,1,N,42,237,1,16,0,0.5,3.35,0,0.3,20.15
1,08-02-17 9:09,08-02-17 9:17,1,1,1,N,162,140,1,6.5,0,0.5,1.46,0,0.3,8.76
1,08-02-17 9:09,08-02-17 9:16,1,0.8,1,N,68,186,1,6.5,0,0.5,1,0,0.3,8.3
2,08-02-17 9:09,08-02-17 9:16,1,1.18,1,N,249,231,1,6.5,0,0.5,1.46,0,0.3,8.76
2,08-02-17 9:09,08-02-17 9:24,1,1.34,1,N,144,231,2,10,0,0.5,0,0,0.3,10.8
2,08-02-17 9:09,08-02-17 9:33,2,2.41,1,N,262,161,2,15.5,0,0.5,0,0,0.3,16.3
2,08-02-17 9:09,09-02-17 8:31,1,1.95,1,N,141,163,2,14,0,0.5,0,0,0.3,14.8
1,08-02-17 9:09,08-02-17 9:24,1,3.2,1,N,232,181,1,14,0,0.5,2.95,0,0.3,17.75
1,08-02-17 9:09,08-02-17 9:34,1,4.4,1,N,238,233,1,19,0,0.5,3.95,0,0.3,23.75
2,08-02-17 9:09,08-02-17 9:19,6,1.28,1,N,161,234,1,7.5,0,0.5,1.66,0,0.3,9.96
2,08-02-17 9:09,08-02-17 9:19,3,1.26,1,N,249,186,1,8,0,0.5,1.76,0,0.3,10.56
2,08-02-17 9:09,08-02-17 9:15,1,0.99,1,N,262,140,1,6,0,0.5,1.7,0,0.3,8.5
2,08-02-17 9:09,08-02-17 9:14,2,0.44,1,N,261,87,2,5,0,0.5,0,0,0.3,5.8
2,08-02-17 9:09,08-02-17 9:45,1,18.86,2,N,140,132,1,52,0,0.5,4,5.54,0.3,62.34
1,08-02-17 9:10,08-02-17 9:19,1,0.8,1,N,237,163,2,7,0,0.5,0,0,0.3,7.8
2,08-02-17 9:10,08-02-17 9:36,1,4.24,1,N,237,79,1,20,0,0.5,4,0,0.3,24.8
1,08-02-17 9:10,08-02-17 9:14,1,0.5,1,N,239,239,2,5,0,0.5,0,0,0.3,5.8
2,08-02-17 9:10,08-02-17 9:25,1,1.17,1,N,186,162,1,10.5,0,0.5,2.26,0,0.3,13.56
2,08-02-17 9:10,08-02-17 9:38,1,3.52,1,N,239,233,1,19.5,0,0.5,4.06,0,0.3,24.36
2,08-02-17 9:10,08-02-17 9:29,1,2.61,1,N,239,140,1,14,0,0.5,3.7,0,0.3,18.5
2,08-02-17 9:10,08-02-17 9:18,1,0.69,1,N,163,142,2,6.5,0,0.5,0,0,0.3,7.3
2,08-02-17 9:10,08-02-17 9:16,3,0.83,1,N,43,236,1,6,0,0.5,1.02,0,0.3,7.82
1,08-02-17 9:10,08-02-17 9:14,1,0.6,1,N,229,233,1,5,0,0.5,1.15,0,0.3,6.95
1,08-02-17 9:10,08-02-17 9:16,1,0.9,1,N,249,186,1,6,0,0.5,1.35,0,0.3,8.15
2,08-02-17 9:10,08-02-17 9:22,5,1.59,1,N,163,239,1,9.5,0,0.5,2.06,0,0.3,12.36
2,08-02-17 9:10,08-02-17 9:20,1,1.19,1,N,151,239,1,8,0,0.5,1.5,0,0.3,10.3
1,08-02-17 9:10,08-02-17 9:18,1,1.8,1,N,264,145,1,8,0,0.5,2.2,0,0.3,11
1,08-02-17 9:10,08-02-17 9:20,1,1,1,N,229,140,1,8,0,0.5,1.5,0,0.3,10.3
1,08-02-17 9:10,08-02-17 9:21,1,1.2,1,N,144,113,2,8.5,0,0.5,0,0,0.3,9.3
2,08-02-17 9:10,08-02-17 9:19,6,1.24,1,N,140,237,2,8,0,0.5,0,0,0.3,8.8
2,08-02-17 9:10,08-02-17 9:20,4,1.52,1,N,238,263,1,9,0,0.5,1.96,0,0.3,11.76
2,08-02-17 9:10,08-02-17 9:16,1,0.87,1,N,224,234,1,6.5,0,0.5,1.46,0,0.3,8.76
2,08-02-17 9:10,08-02-17 9:15,1,0.74,1,N,137,79,2,5.5,0,0.5,0,0,0.3,6.3
2,08-02-17 9:10,08-02-17 9:18,6,1.21,1,N,13,211,1,7.5,0,0.5,1.66,0,0.3,9.96
1,08-02-17 9:10,08-02-17 9:23,1,1.5,1,N,142,162,1,10,0,0.5,1.08,0,0.3,11.88
1,08-02-17 9:10,08-02-17 9:14,1,0.6,1,N,107,170,1,5,0,0.5,1,0,0.3,6.8
2,08-02-17 9:10,08-02-17 9:13,1,0.69,1,N,141,237,2,4.5,0,0.5,0,0,0.3,5.3
1,08-02-17 9:10,08-02-17 9:55,1,7,1,N,249,33,1,31,0,0.5,6.35,0,0.3,38.15
1,08-02-17 9:10,08-02-17 9:41,1,4.8,1,N,87,164,1,23.5,0,0.5,4.85,0,0.3,29.15
1,08-02-17 9:10,08-02-17 9:11,1,0.2,1,N,230,100,1,3,0,0.5,0.75,0,0.3,4.55
2,08-02-17 9:10,08-02-17 9:23,6,1.19,1,N,142,161,1,9.5,0,0.5,2.06,0,0.3,12.36
2,08-02-17 9:10,08-02-17 9:28,5,1.76,1,N,229,142,1,12.5,0,0.5,2.5,0,0.3,15.8
2,08-02-17 9:10,08-02-17 9:15,2,0.71,1,N,249,114,1,5.5,0,0.5,1.26,0,0.3,7.56
1,08-02-17 9:10,08-02-17 9:24,1,2,1,Y,239,230,1,11,0,0.5,1.5,0,0.3,13.3
1,08-02-17 9:10,08-02-17 9:21,1,1.1,1,N,48,162,1,8.5,0,0.5,1.85,0,0.3,11.15
1,08-02-17 9:10,08-02-17 9:20,1,1.1,1,N,186,161,1,8,0,0.5,1.75,0,0.3,10.55
2,08-02-17 9:10,08-02-17 9:21,1,1.83,1,N,158,13,1,10,0,0.5,2.16,0,0.3,12.96
2,08-02-17 9:10,08-02-17 9:25,2,2.09,1,N,238,141,1,11.5,0,0.5,2.46,0,0.3,14.76
2,08-02-17 9:10,08-02-17 9:15,1,1.23,1,N,74,263,1,6,0,0.5,0,0,0.3,6.8
1,08-02-17 9:10,08-02-17 9:22,1,1.1,1,N,186,234,2,9,0,0.5,0,0,0.3,9.8
1,08-02-17 9:10,08-02-17 9:21,1,1.8,1,N,100,79,1,9.5,0,0.5,2.05,0,0.3,12.35
1,08-02-17 9:10,08-02-17 9:19,1,1.3,1,N,13,125,1,8,0,0.5,1.76,0,0.3,10.56
2,08-02-17 9:10,08-02-17 9:11,2,0.16,1,N,236,236,2,3,0,0.5,0,0,0.3,3.8
2,08-02-17 9:10,08-02-17 9:18,1,1.51,1,N,166,238,1,8.5,0,0.5,1.86,0,0.3,11.16
2,08-02-17 9:10,08-02-17 9:22,1,1.03,1,N,170,186,1,9,0,0.5,2.45,0,0.3,12.25
1,08-02-17 9:10,08-02-17 9:17,1,1,1,N,236,43,1,7,0,0.5,1.2,0,0.3,9
1,08-02-17 9:10,08-02-17 9:14,1,0.6,1,N,145,145,1,5,0,0.5,0,0,0.3,5.8
2,08-02-17 9:10,08-02-17 9:23,2,1.53,1,N,234,158,1,9.5,0,0.5,2.06,0,0.3,12.36
2,08-02-17 9:10,08-02-17 9:58,1,11.88,1,N,138,170,1,41,0,0.5,11.84,5.54,0.3,59.18
2,08-02-17 9:10,08-02-17 9:24,5,1.13,1,N,246,230,1,10,0,0.5,2.16,0,0.3,12.96
2,08-02-17 9:10,08-02-17 9:16,1,1.01,1,N,151,75,1,6,0,0.5,1.36,0,0.3,8.16
2,08-02-17 9:10,08-02-17 9:17,6,0.72,1,N,234,100,1,6.5,0,0.5,0.73,0,0.3,8.03
2,08-02-17 9:10,08-02-17 9:27,1,2.36,1,N,90,163,1,13,0,0.5,2,0,0.3,15.8
1,08-02-17 9:10,08-02-17 9:16,1,0.4,1,N,170,164,1,5.5,0,0.5,1.25,0,0.3,7.55
1,08-02-17 9:10,08-02-17 9:12,1,0.7,1,N,262,140,1,4.5,0,0.5,1.3,0,0.3,6.6
1,08-02-17 9:10,08-02-17 9:42,1,5.1,1,N,238,234,1,23,0,0.5,3,0,0.3,26.8
1,08-02-17 9:10,08-02-17 9:16,1,0.5,1,N,170,162,2,6,0,0.5,0,0,0.3,6.8
2,08-02-17 9:10,08-02-17 9:19,1,1.08,1,N,100,164,1,7.5,0,0.5,0.83,0,0.3,9.13
1,08-02-17 9:10,08-02-17 9:23,1,1.9,1,N,237,75,1,11,0,0.5,2,0,0.3,13.8
1,08-02-17 9:10,08-02-17 9:20,1,1,1,N,170,161,1,8,0,0.5,1.76,0,0.3,10.56
2,08-02-17 9:10,08-02-17 9:15,5,0.98,1,N,263,75,1,5.5,0,0.5,1.26,0,0.3,7.56
1,08-02-17 9:10,08-02-17 9:16,1,0.7,1,N,68,234,1,5.5,0,0.5,1.25,0,0.3,7.55
1,08-02-17 9:10,08-02-17 9:19,1,0.8,1,N,100,230,1,7,0,0.5,1.95,0,0.3,9.75
2,08-02-17 9:10,08-02-17 9:27,1,1.53,1,N,100,163,2,12,0,0.5,0,0,0.3,12.8
2,08-02-17 9:10,08-02-17 9:29,1,2.75,1,N,144,246,1,15,0,0.5,3.16,0,0.3,18.96
2,08-02-17 9:10,08-02-17 9:17,1,0.71,1,N,264,264,2,6,0,0.5,0,0,0.3,6.8
2,08-02-17 9:10,08-02-17 9:16,1,0.89,1,N,161,164,2,6,0,0.5,0,0,0.3,6.8
2,08-02-17 9:10,08-02-17 9:20,1,2.1,1,N,239,236,2,9.5,0,0.5,0,0,0.3,10.3
2,08-02-17 9:10,08-02-17 9:21,1,1.19,1,N,164,161,1,8.5,0,0.5,1.86,0,0.3,11.16
2,08-02-17 9:10,08-02-17 9:18,1,0.72,1,N,246,68,1,6.5,0,0.5,1.82,0,0.3,9.12
1,08-02-17 9:10,08-02-17 9:14,1,0.4,1,N,162,163,2,4.5,0,0.5,0,0,0.3,5.3
1,08-02-17 9:10,08-02-17 9:22,1,1.1,1,N,143,163,1,9,0,0.5,2.45,0,0.3,12.25
2,08-02-17 9:10,08-02-17 9:30,6,1.35,1,N,140,161,2,13,0,0.5,0,0,0.3,13.8
2,08-02-17 9:10,08-02-17 9:42,1,4.52,1,N,166,162,1,23,0,0.5,7.14,0,0.3,30.94
2,08-02-17 9:10,08-02-17 9:28,1,1.66,1,N,261,144,1,12,0,0.5,2.56,0,0.3,15.36
1,08-02-17 9:10,08-02-17 9:52,1,4.6,1,N,226,234,1,26.5,0,0.5,4.1,0,0.3,31.4
1,08-02-17 9:10,08-02-17 9:22,1,1.3,1,N,143,230,2,9.5,0,0.5,0,0,0.3,10.3
2,08-02-17 9:10,08-02-17 9:18,3,1,1,N,233,186,1,7,0,0.5,1.56,0,0.3,9.36
2,08-02-17 9:10,08-02-17 9:23,6,1.29,1,N,48,100,1,9.5,0,0.5,1,0,0.3,11.3
2,08-02-17 9:10,08-02-17 9:29,4,2.88,1,N,262,161,2,14,0,0.5,0,0,0.3,14.8
2,08-02-17 9:10,08-02-17 9:43,1,6.13,1,N,161,87,1,27,0,0.5,5.56,0,0.3,33.36
2,08-02-17 9:10,08-02-17 9:25,1,1.3,1,N,162,107,1,10.5,0,0.5,1.5,0,0.3,12.8
2,08-02-17 9:10,08-02-17 9:38,1,2.71,1,N,113,161,2,18,0,0.5,0,0,0.3,18.8
1,08-02-17 9:10,08-02-17 9:14,1,0.7,1,N,162,237,1,5,0,0.5,1.2,0,0.3,7
1,08-02-17 9:10,08-02-17 9:17,1,1.6,1,N,263,41,2,7.5,0,0.5,0,0,0.3,8.3
2,08-02-17 9:10,08-02-17 9:18,5,0.82,1,N,234,170,2,7,0,0.5,0,0,0.3,7.8
2,08-02-17 9:10,08-02-17 9:15,1,1.33,1,N,142,239,2,6.5,0,0.5,0,0,0.3,7.3
2,08-02-17 9:10,08-02-17 9:31,1,1.44,1,N,229,230,2,13.5,0,0.5,0,0,0.3,14.3
2,08-02-17 9:10,08-02-17 9:31,1,2.13,1,N,239,100,2,14,0,0.5,0,0,0.3,14.8
2,08-02-17 9:10,08-02-17 9:19,3,0.9,1,N,237,163,1,7,0,0.5,1.56,0,0.3,9.36
1,08-02-17 9:10,08-02-17 9:27,1,1.8,1,N,113,170,1,12,0,0.5,1.5,0,0.3,14.3
2,08-02-17 9:10,08-02-17 9:22,1,1.52,1,N,246,163,1,9.5,0,0.5,2.06,0,0.3,12.36
2,08-02-17 9:10,08-02-17 9:28,1,2.04,1,N,236,161,1,13,0,0.5,2.21,0,0.3,16.01
2,08-02-17 9:10,08-02-17 9:19,1,1.36,1,N,186,113,1,8,0,0.5,0,0,0.3,8.8
2,08-02-17 9:10,08-02-17 9:21,3,1.97,1,N,43,141,1,9.5,0,0.5,0,0,0.3,10.3
2,08-02-17 9:10,08-02-17 9:19,2,1.17,1,N,140,163,1,8,0,0.5,1.76,0,0.3,10.56
2,08-02-17 9:10,08-02-17 9:15,1,0.84,1,N,90,107,1,5.5,0,0.5,1.58,0,0.3,7.88
1,08-02-17 9:10,08-02-17 9:33,1,2.8,1,N,162,125,1,15,0,0.5,3.15,0,0.3,18.95
1,08-02-17 9:10,08-02-17 9:33,1,1.8,1,N,234,162,1,14.5,0,0.5,1,0,0.3,16.3
1,08-02-17 9:10,08-02-17 9:21,1,1,1,N,249,211,1,8.5,0,0.5,2.3,0,0.3,11.6
2,08-02-17 9:10,08-02-17 9:22,2,1.95,1,N,161,90,1,9.5,0,0.5,1.51,0,0.3,11.81
2,08-02-17 9:10,08-02-17 10:04,1,8.93,1,N,138,164,1,38,0,0.5,8.87,5.54,0.3,53.21
2,08-02-17 9:10,08-02-17 9:34,1,4.13,1,N,65,234,2,19,0,0.5,0,0,0.3,19.8
2,08-02-17 9:10,08-02-17 9:48,2,8.77,1,N,43,256,1,32.5,0,0.5,0,0,0.3,33.3
2,08-02-17 9:10,08-02-17 9:26,1,2.34,1,N,238,237,1,12.5,0,0.5,3.99,0,0.3,17.29
2,08-02-17 9:10,08-02-17 9:23,2,1.87,1,N,68,113,1,10,0,0.5,2.16,0,0.3,12.96
2,08-02-17 9:10,08-02-17 9:17,1,0.75,1,N,164,161,1,6.5,0,0.5,1,0,0.3,8.3
2,08-02-17 9:10,08-02-17 9:39,1,5.71,1,N,79,61,1,23.5,0,0.5,6.08,0,0.3,30.38
1,08-02-17 9:10,08-02-17 9:14,1,0.8,1,N,236,239,1,5.5,0,0.5,0.95,0,0.3,7.25
1,08-02-17 9:10,08-02-17 9:19,2,0.9,1,N,4,114,1,7.5,0,0.5,1.5,0,0.3,9.8
1,08-02-17 9:10,08-02-17 9:32,1,2.8,1,N,236,230,1,15.5,0,0.5,3.25,0,0.3,19.55
1,08-02-17 9:10,08-02-17 9:21,1,1.3,1,N,13,87,1,9,0,0.5,2.45,0,0.3,12.25
1,08-02-17 9:10,08-02-17 9:14,1,0.9,1,N,264,264,2,5,0,0.5,0,0,0.3,5.8
2,08-02-17 9:10,08-02-17 9:14,1,0.75,1,N,237,237,1,4.5,0,0.5,1,0,0.3,6.3
1,08-02-17 9:10,08-02-17 9:14,1,0.7,1,N,249,158,1,5,0,0.5,1.15,0,0.3,6.95
1,08-02-17 9:10,08-02-17 9:14,1,1.1,1,N,211,234,1,5.5,0,0.5,1.2,0,0.3,7.5
1,08-02-17 9:10,08-02-17 9:32,1,1.8,1,N,107,161,1,14,0,0.5,2,0,0.3,16.8
1,08-02-17 9:10,08-02-17 9:33,1,1.2,1,N,137,100,1,14.5,0,0.5,3.05,0,0.3,18.35
1,08-02-17 9:10,08-02-17 9:13,1,0.6,1,N,50,50,1,4.5,0,0.5,2,0,0.3,7.3
1,08-02-17 9:10,08-02-17 9:33,2,2.3,1,N,163,246,1,15,0,0.5,0,0,0.3,15.8
1,08-02-17 9:10,08-02-17 9:17,1,1,1,N,13,261,1,7,0,0.5,1.4,0,0.3,9.2
2,08-02-17 9:10,08-02-17 9:24,1,1.69,1,N,237,234,1,10.5,0,0.5,2.26,0,0.3,13.56
2,08-02-17 9:10,08-02-17 9:24,1,1.16,1,N,164,161,1,10,0,0.5,2.16,0,0.3,12.96
2,08-02-17 9:10,08-02-17 9:32,3,3.92,1,N,140,145,1,17.5,0,0.5,2.2,0,0.3,20.5
2,08-02-17 9:10,08-02-17 9:14,1,0.4,1,N,236,263,1,4.5,0,0.5,1.06,0,0.3,6.36
1,08-02-17 9:10,08-02-17 9:22,1,0.9,1,Y,107,234,1,9,0,0.5,1.95,0,0.3,11.75
2,08-02-17 9:10,08-02-17 9:18,6,0.71,1,N,186,234,1,6.5,0,0.5,1.46,0,0.3,8.76
2,08-02-17 9:10,08-02-17 9:22,5,1.77,1,N,246,163,1,10,0,0.5,1.5,0,0.3,12.3
2,08-02-17 9:10,08-02-17 9:33,1,9.6,1,N,79,138,1,28.5,0,0.5,5.16,5.54,0.3,40
2,08-02-17 9:10,08-02-17 9:22,5,2.08,1,N,114,246,1,10.5,0,0.5,2.82,0,0.3,14.12
1,08-02-17 9:10,08-02-17 9:14,1,0.6,1,N,186,246,2,5,0,0.5,0,0,0.3,5.8
2,08-02-17 9:10,08-02-17 9:33,1,3.19,1,N,151,48,2,16.5,0,0.5,0,0,0.3,17.3
2,08-02-17 9:10,08-02-17 9:38,5,1.61,1,N,162,48,1,17,0,0.5,4.45,0,0.3,22.25
2,08-02-17 9:10,08-02-17 9:14,5,0.98,1,N,68,246,2,5,0,0.5,0,0,0.3,5.8
1,08-02-17 9:10,08-02-17 9:16,1,0.6,1,N,263,236,1,5.5,0,0.5,0.7,0,0.3,7
1,08-02-17 9:10,08-02-17 9:23,1,1,1,N,162,163,2,9,0,0.5,0,0,0.3,9.8
2,08-02-17 9:10,08-02-17 9:18,1,1.12,1,N,141,263,1,7,0,0.5,1.17,0,0.3,8.97
2,08-02-17 9:10,08-02-17 9:29,5,7.45,1,N,45,82,2,23.5,0,0.5,0,0,0.3,24.3
1,08-02-17 9:10,08-02-17 9:20,1,1.4,1,N,246,230,1,8,0,0.5,1.75,0,0.3,10.55
1,08-02-17 9:10,08-02-17 9:15,1,0.7,1,N,236,236,2,5.5,0,0.5,0,0,0.3,6.3
1,08-02-17 9:10,08-02-17 9:18,1,1.2,1,N,141,140,2,7,0,0.5,0,0,0.3,7.8
1,08-02-17 9:10,08-02-17 9:21,1,1.1,1,N,170,234,1,8,0,0.5,1.25,0,0.3,10.05
2,08-02-17 9:10,08-02-17 9:13,1,0.41,1,N,237,141,1,4,0,0.5,0,0,0.3,4.8
1,08-02-17 9:10,08-02-17 9:23,2,1.5,1,N,186,161,1,9.5,0,0.5,2.55,0,0.3,12.85
1,08-02-17 9:10,08-02-17 9:35,1,1.4,1,N,186,162,1,15,0,0.5,5,0,0.3,20.8
2,08-02-17 9:10,08-02-17 9:15,1,0.55,1,N,263,75,2,5,0,0.5,0,0,0.3,5.8
2,08-02-17 9:10,08-02-17 9:20,1,1.08,1,N,261,13,1,7.5,0,0.5,1,0,0.3,9.3
2,08-02-17 9:10,08-02-17 9:52,1,4.53,1,N,234,75,1,26,0,0.5,5.36,0,0.3,32.16
2,08-02-17 9:10,08-02-17 9:16,5,0.89,1,N,163,48,2,6,0,0.5,0,0,0.3,6.8
2,08-02-17 9:10,08-02-17 9:11,1,0.41,1,N,249,90,1,3.5,0,0.5,0.43,0,0.3,4.73
2,08-02-17 9:10,08-02-17 9:20,1,0.86,1,N,234,170,1,7.5,0,0.5,1.66,0,0.3,9.96
2,08-02-17 9:10,08-02-17 9:18,5,1.25,1,N,113,125,1,7.5,0,0.5,2.08,0,0.3,10.38
1,08-02-17 9:10,08-02-17 9:22,1,1,1,N,262,236,2,9,0,0.5,0,0,0.3,9.8
1,08-02-17 9:10,08-02-17 9:29,1,2.3,1,N,48,249,1,13.5,0,0.5,2.85,0,0.3,17.15
2,08-02-17 9:10,08-02-17 9:43,6,3.31,1,N,158,237,1,20.5,0,0.5,4.26,0,0.3,25.56
2,08-02-17 9:10,08-02-17 9:15,1,0.55,1,N,230,164,2,5,0,0.5,0,0,0.3,5.8
2,08-02-17 9:10,08-02-17 9:21,5,0.8,1,N,164,162,1,8,0,0.5,1.76,0,0.3,10.56
1,08-02-17 9:10,08-02-17 9:22,1,1.8,1,N,48,237,1,9.5,0,0.5,2.05,0,0.3,12.35
1,08-02-17 9:10,08-02-17 9:29,1,1.5,1,N,100,163,1,12.5,0,0.5,3.3,0,0.3,16.6
2,08-02-17 9:10,08-02-17 9:35,2,3.49,1,N,151,141,1,17,0,0.5,3.56,0,0.3,21.36
2,08-02-17 9:10,08-02-17 9:17,1,1.07,1,N,48,143,1,6,0,0.5,1.36,0,0.3,8.16
2,08-02-17 9:10,08-02-17 9:14,1,0.77,1,N,163,230,2,5,0,0.5,0,0,0.3,5.8
1,08-02-17 9:10,08-02-17 9:25,1,2.2,1,N,239,140,1,11.5,0,0.5,2.45,0,0.3,14.75
1,08-02-17 9:10,08-02-17 9:31,1,4.4,1,N,140,249,3,17,0,0.5,0,0,0.3,17.8
1,08-02-17 9:10,08-02-17 9:21,2,1.6,1,N,100,237,1,9,0,0.5,2,0,0.3,11.8
2,08-02-17 9:10,08-02-17 9:12,4,0.47,1,N,113,234,1,4,0,0.5,0.96,0,0.3,5.76
1,08-02-17 9:10,08-02-17 9:17,1,1.4,1,N,263,141,2,7,0,0.5,0,0,0.3,7.8
2,08-02-17 9:10,08-02-17 9:30,1,1.86,1,N,137,140,1,13.5,0,0.5,1.43,0,0.3,15.73
1,08-02-17 9:10,08-02-17 9:30,1,12.8,1,N,138,132,1,34.5,0,0.5,7.05,0,0.3,42.35
1,08-02-17 9:10,08-02-17 9:38,1,2,1,N,90,162,1,17.5,0,0.5,3.65,0,0.3,21.95
1,08-02-17 9:10,08-02-17 9:23,1,1.6,1,N,163,239,1,10,0,0.5,2.15,0,0.3,12.95
1,08-02-17 9:10,08-02-17 9:15,1,0.8,1,N,211,113,1,5.5,0,0.5,1.25,0,0.3,7.55
2,08-02-17 9:10,08-02-17 9:25,1,4.45,1,N,79,87,1,16,0,0.5,3.36,0,0.3,20.16
2,08-02-17 9:10,08-02-17 10:01,2,12.37,1,N,138,230,1,43.5,0,0.5,12.46,5.54,0.3,62.3
2,08-02-17 9:10,08-02-17 9:20,1,1.82,1,N,246,142,2,9,0,0.5,0,0,0.3,9.8
2,08-02-17 9:10,08-02-17 9:25,1,1.59,1,N,236,161,1,11,0,0.5,2.36,0,0.3,14.16
2,08-02-17 9:10,08-02-17 9:25,5,2.22,1,N,186,79,1,11.5,0,0.5,2.46,0,0.3,14.76
1,01-02-17 0:01,01-02-17 0:09,2,1.5,1,N,237,170,1,7.5,0.5,0.5,1.5,0,0.3,10.3
1,01-02-17 0:01,01-02-17 0:04,1,1,1,N,246,48,1,5,0.5,0.5,1,0,0.3,7.3
2,01-02-17 0:01,01-02-17 0:08,2,1.43,1,N,233,237,2,7,0.5,0.5,0,0,0.3,8.3
1,01-02-17 0:01,01-02-17 0:06,1,1,1,N,186,48,1,5.5,0.5,0.5,1,0,0.3,7.8
